run,stage,file,bytes,episodes
CP_F_ffnn,1,CP_F_ffnn_1.pkl,20119,500
CP_F_ffnn,2,CP_F_ffnn_2.pkl,8119,200
CP_F_rnn,1,CP_F_rnn_1.pkl,200020290,500
CP_F_rnn,2,CP_F_rnn_2.pkl,80008288,200
CP_F_rnn_std,1,CP_F_rnn_std_1.pkl,200020290,500
CP_F_rnn_std,2,CP_F_rnn_std_2.pkl,80008288,200
CP_P_ffnn,1,CP_P_ffnn_1.pkl,60127,1500
CP_P_ffnn,2,CP_P_ffnn_2.pkl,20119,500
CP_P_ffnn,3,CP_P_ffnn_3.pkl,40119,1000
CP_P_ffnn,4,CP_P_ffnn_4.pkl,80136,2000
CP_P_ffnn,5,CP_P_ffnn_5.pkl,60127,1500
CP_P_ffnn,6,CP_P_ffnn_6.pkl,60127,1500
CP_P_rnn,1,CP_P_rnn_1.pkl,1832200338,5000
CP_P_rnn,2,CP_P_rnn_2.pkl,459240290,1000
CP_P_rnn,3,CP_P_rnn_3.pkl,732840290,1000
CP_P_rnn,4,CP_P_rnn_4.pkl,800040290,1000
CP_P_rnn_std,1,CP_P_rnn_std_1.pkl,211872290,800
CP_P_rnn_std,2,CP_P_rnn_std_2.pkl,80008288,200
EC_F_ffnn,1,EC_F_ffnn_1.pkl,325317,5000
EC_F_ffnn,2,EC_F_ffnn_2.pkl,133147,2000
EC_F_ffnn,3,EC_F_ffnn_3.pkl,133119,2000
EC_F_ffnn,4,EC_F_ffnn_4.pkl,66782,1000
EC_F_ffnn,5,EC_F_ffnn_5.pkl,66726,1000
EC_F_ffnn,6,EC_F_ffnn_6.pkl,33361,500
EC_F_ffnn,7,EC_F_ffnn_7.pkl,30241,450
EC_F_ffnn,8,EC_F_ffnn_8.pkl,16585,250
EC_F_ffnn,9,EC_F_ffnn_9.pkl,16865,250
EC_F_rnn,1,EC_F_rnn_1.pkl,81297264,20000
EC_F_rnn,2,EC_F_rnn_2.pkl,88672235,10000
EC_F_rnn,3,EC_F_rnn_3.pkl,160671619,10000
EC_F_rnn,4,EC_F_rnn_4.pkl,59335435,2000
EC_F_rnn,5,EC_F_rnn_5.pkl,51267894,1000
EC_F_rnn,6,EC_F_rnn_6.pkl,48033894,500
EC_F_rnn,7,EC_F_rnn_7.pkl,23817032,250
EC_F_rnn,8,EC_F_rnn_8.pkl,37133800,200
EC_F_rnn,9,EC_F_rnn_9.pkl,71617118,250
EC_F_rnn_std,1,EC_F_rnn_std_1.pkl,81349101,20000
EC_F_rnn_std,2,EC_F_rnn_std_2.pkl,88679823,10000
EC_F_rnn_std,3,EC_F_rnn_std_3.pkl,128680215,10000
EC_F_rnn_std,4,EC_F_rnn_std_4.pkl,46536247,2000
EC_F_rnn_std,5,EC_F_rnn_std_5.pkl,45668230,1000
EC_F_rnn_std,6,EC_F_rnn_std_6.pkl,45234286,500
EC_F_rnn_std,7,EC_F_rnn_std_7.pkl,22617284,250
EC_F_rnn_std,8,EC_F_rnn_std_8.pkl,36013884,200
EC_F_rnn_std,9,EC_F_rnn_std_9.pkl,70217258,250
EC_P_ffnn,1,EC_P_ffnn_1.pkl,671991,10000
EC_P_ffnn,2,EC_P_ffnn_2.pkl,670199,10000
EC_P_ffnn,3,EC_P_ffnn_3.pkl,662135,10000
EC_P_ffnn,4,EC_P_ffnn_4.pkl,661547,10000
EC_P_ffnn,5,EC_P_ffnn_5.pkl,234876,3550
EC_P_rnn,1,EC_P_rnn_1.pkl,40633446,10000
EC_P_rnn,2,EC_P_rnn_2.pkl,40661315,10000
EC_P_rnn,3,EC_P_rnn_3.pkl,20333494,5000
EC_P_rnn,4,EC_P_rnn_4.pkl,20334194,5000
EC_P_rnn,5,EC_P_rnn_5.pkl,64669995,10000
EC_P_rnn,6,EC_P_rnn_6.pkl,12866914,1000
EC_P_rnn,7,EC_P_rnn_7.pkl,35266886,1000
EC_P_rnn,8,EC_P_rnn_8.pkl,34833558,500
EC_P_rnn,9,EC_P_rnn_9.pkl,45633922,500
EC_P_rnn,10,EC_P_rnn_10.pkl,54260546,300
EC_P_rnn,11,EC_P_rnn_11.pkl,70416698,250
EC_P_rnn_std,1,EC_P_rnn_std_1.pkl,40664367,10000
EC_P_rnn_std,2,EC_P_rnn_std_2.pkl,40678731,10000
EC_P_rnn_std,3,EC_P_rnn_std_3.pkl,40679375,10000
EC_P_rnn_std,4,EC_P_rnn_std_4.pkl,20340158,5000
EC_P_rnn_std,5,EC_P_rnn_std_5.pkl,72680131,10000
EC_P_rnn_std,6,EC_P_rnn_std_6.pkl,12868174,1000
EC_P_rnn_std,7,EC_P_rnn_std_7.pkl,24068230,1000
EC_P_rnn_std,8,EC_P_rnn_std_8.pkl,22834230,500
EC_P_rnn_std,9,EC_P_rnn_std_9.pkl,45634202,500
EC_P_rnn_std,10,EC_P_rnn_std_10.pkl,54020686,300
EC_P_rnn_std,11,EC_P_rnn_std_11.pkl,70217230,250
