environment,network,variable,unit,r2,p,slope
Full,Standard RNN,Offer B,29,0.639526831650243,0.0005962696180541709,-0.08793824938518442
Full,Standard RNN,Chosen value,10,0.8849218240216559,5.518998808193174e-07,0.10102358034470822
Full,Modified RNN,Offer A,4,0.38494191048324033,0.023666311062687708,-0.38633736041748756
Full,Modified RNN,Offer B,46,0.9157121896609297,3.014277048118982e-07,0.10639718553123038
Full,Modified RNN,Chosen value,5,0.7889484056069241,4.9937061657756706e-05,0.1278216458990607
Partial,Standard RNN,Offer B,16,0.9413453594596889,1.7518896338910628e-07,0.10980172777880899
Partial,Standard RNN,Chosen value,42,0.9392832576469058,2.0841585883806837e-07,0.10217830437130576
Partial,Modified RNN,Offer A,32,0.5377294931169783,0.004340731054406969,-0.41519260311947587
Partial,Modified RNN,Offer B,26,0.895761175244888,9.786699104513751e-07,0.1035275638601234
Partial,Modified RNN,Chosen value,39,0.9049563504882596,5.864072392069493e-07,0.10780431170413807
