environment,network,run,unit,type,modulation,slope_Offer A,intercept_Offer A,r2_Offer A,p_Offer A,slope_Offer B,intercept_Offer B,r2_Offer B,p_Offer B,slope_Chosen value,intercept_Chosen value,r2_Chosen value,p_Chosen value
Full,Standard RNN,EC_F_rnn_std,0,Chosen value,0.017578250996314493,0.13890155940923307,0.15033888268715584,0.05644257302598579,0.4134365768073214,0.08742290448113937,0.023294681872392697,0.6483970357392073,0.0005106236035115714,0.10377255019928357,-0.04237600347919257,0.8500387894309865,2.7487402506002187e-06
Full,Standard RNN,EC_F_rnn_std,1,Chosen value,0.7276199986486488,0.2453214328161508,0.114946637330679,0.09958597472676248,0.2717386962004555,0.10781034569859267,0.02701481254265481,0.5577583344478195,0.002147422772170957,0.11628005225408984,-0.017723051327716677,0.6036967449984693,0.0010775646240468082
Full,Standard RNN,EC_F_rnn_std,2,Chosen value,0.6230098113267813,-0.3038445259170284,0.8935242933842298,0.15297435936996,0.16671684204361248,-0.09478783387343497,0.8889758899477629,0.43173673764201753,0.010674168108099015,-0.11448009334451559,0.9662712372578446,0.5859451504737131,0.0014184174772984477
Full,Standard RNN,EC_F_rnn_std,3,Unclassified,0.03475107981111111,0.12001335927585317,0.48816822550217714,0.03792448335093881,0.5046723794083025,0.020863361802466396,0.5385093566939607,0.033237401667569465,0.5327518177677075,0.056115642977983805,0.4256507087408624,0.22372245682656836,0.08761161534522659
Full,Standard RNN,EC_F_rnn_std,4,Chosen value,0.6828609066732187,-0.17261802510659055,0.9217223214818479,0.06657383847630678,0.3731291284202384,-0.10177662669260905,1.0594942763397974,0.6711589925785819,0.00033699239255794745,-0.11777921226045587,1.1265497133188556,0.8362763319462166,4.687101703071135e-06
Full,Standard RNN,EC_F_rnn_std,5,Offer B,0.011755056574987715,-0.07577443716098271,0.6937828769901642,0.01495588791859548,0.6770510898911458,-0.0855967009293722,0.8740969523481273,0.5534505382783366,0.00228301217963501,-0.07553963826003729,0.85759377823251,0.4010493061427017,0.015046349307314437
Full,Standard RNN,EC_F_rnn_std,6,Offer B,0.017050297804347816,-0.17531516359506924,0.8324936769351219,0.09595225230525456,0.2811433064081909,-0.05851227521493845,0.8410584024405916,0.3099618042515318,0.038647134413985866,-0.045975637840798375,0.8122255023318897,0.17805449477533342,0.13286978453811937
Full,Standard RNN,EC_F_rnn_std,7,Chosen value,0.026329422761670718,-0.223732970151941,0.8836854698219375,0.11231509775208574,0.24147358176625253,-0.08304998984424186,0.9191512535104149,0.44880256304625354,0.008759519479689132,-0.11347146829165554,1.0276949778135531,0.7795297900972343,2.877878457797176e-05
Full,Standard RNN,EC_F_rnn_std,8,Offer B,0.006468501713577396,0.069663714531823,0.27354624197543825,0.013930590350981084,0.687790108805937,0.08738300026928879,0.08232661896635679,0.6356355343121287,0.0006375165635042034,0.079347280458752,0.09225740747571409,0.4876425155994978,0.005473025412394661
Full,Standard RNN,EC_F_rnn_std,9,Chosen value,0.05714231772972955,-0.23265162830540234,0.8941397590121071,0.11561529842240777,0.2342475883491009,-0.0820409160386317,0.9183687868416548,0.41692900692763085,0.012620839860470112,-0.11546801038027159,1.0360569363359327,0.7684359617590616,3.88672088955515e-05
Full,Standard RNN,EC_F_rnn_std,10,Chosen value,0.0283041695031941,0.10218623247935878,0.09512618559404094,0.033555442014421566,0.5307641716311811,0.09054350535512909,-0.07514972135800393,0.763995490575964,4.3663816935824224e-05,0.10102358034470822,-0.12315969760086429,0.8849218240216559,5.518998808193174e-07
Full,Standard RNN,EC_F_rnn_std,11,Unclassified,0.0027856613000000058,0.08925895658441571,0.28631106620958696,0.02638947242419856,0.578987533553547,-0.01875249356954953,0.42411239992022515,0.0337787165970068,0.529376347388458,-0.03602417267401534,0.4808693183274205,0.11598353255163762,0.23345601997165938
Full,Standard RNN,EC_F_rnn_std,12,Unclassified,0.004123938458333334,-0.050448605693367884,0.8381211419146926,0.007928724358268205,0.7621119154033562,-0.020218633765300073,0.8504877212263726,0.03693232033588063,0.5104085660717992,0.0063710410083791524,0.7715257809305899,0.003411984031336172,0.8427718936558533
Full,Standard RNN,EC_F_rnn_std,13,Offer B,0.0012463717208333332,-0.12146694459960788,0.7465354133233824,0.03725648036942796,0.5085227971683266,-0.07485423558012494,0.8529606546798266,0.4103140299770993,0.013586103660399638,-0.0620654057769712,0.8261474369609286,0.2624617453176821,0.061067061964922405
Full,Standard RNN,EC_F_rnn_std,14,Unclassified,0.006919949420270272,0.040275413695437606,0.3613011872151155,0.0043307635090359614,0.8231334180110603,0.05671477035858374,0.23260652959645522,0.24904326561335027,0.06927216679816636,0.03707676661602538,0.2837618091369146,0.09903058840509875,0.27315268979350465
Full,Standard RNN,EC_F_rnn_std,15,Chosen value,0.4028964155508599,0.1185618261864559,0.0995015418931593,0.040319902995089085,0.4912434602700144,0.0952113496547707,-0.06923857206553152,0.7540587075177885,5.622665150152117e-05,0.106818720516323,-0.12154336739144728,0.8830914217219189,6.072401363836194e-07
Full,Standard RNN,EC_F_rnn_std,16,Chosen value,0.7132111376805896,0.2474263984676796,0.10087240875375442,0.12325485400834939,0.2184021104697409,0.09481168553820864,0.052962699683274495,0.5248481819488333,0.0033833836123048234,0.11525197940582754,-0.026655643112894256,0.7215890839012365,0.00012049058395784811
Full,Standard RNN,EC_F_rnn_std,17,Unclassified,0.0022584003877777793,-0.033375461488064154,0.7989243675587848,0.0034875039889533345,0.8410613496228826,-0.0190946441248169,0.8238528968282605,0.03310406219531829,0.533588949297493,0.007858213459281976,0.7435724058818083,0.005216617594974283,0.8061708455835102
Full,Standard RNN,EC_F_rnn_std,18,Unclassified,0.023578765000000057,-0.1098393663989317,0.6533088718164726,0.03682643074156785,0.5110270498861351,-0.02914966170154783,0.6366820408577117,0.07521572156984971,0.34269050847144733,-0.02120837352102676,0.617061132361219,0.037045846420865024,0.5097468398153423
Full,Standard RNN,EC_F_rnn_std,19,Unclassified,0.01419784002222222,-0.08827465785437293,0.5517169412714332,0.030041497666723614,0.5534675700980729,0.02510780075798584,0.3962176281868427,0.07047982859344906,0.35896506298242736,-0.005960479706886812,0.4882251032122932,0.0036956694994542934,0.8364432583101917
Full,Standard RNN,EC_F_rnn_std,20,Offer B,0.011744467526923838,0.0735252213223805,0.28651118401318615,0.015433291729480662,0.6721951684099732,0.08514994432929618,0.10541690970531495,0.600278265847416,0.0011371332451623056,0.07735024719492312,0.11499883750827775,0.4608828001301488,0.007591479119737742
Full,Standard RNN,EC_F_rnn_std,21,Offer B,0.005020705704078624,0.0793605457954032,0.3207186450862901,0.015408562322148473,0.6724445559681866,0.08453893343451811,0.1468322754095043,0.5070658399130806,0.004275012164726686,0.07265803162614375,0.16917068242669026,0.3484988008741596,0.026246448395009277
Full,Standard RNN,EC_F_rnn_std,22,Offer B,0.004798519026714989,-0.06386370270984804,0.7193019552593473,0.011377941474619416,0.7166494391915474,-0.08765571046793352,0.9167059548277223,0.6216041890073057,0.0008069742500658259,-0.07793029831466369,0.9015838703756602,0.45714017273563273,0.00793796986289973
Full,Standard RNN,EC_F_rnn_std,23,Offer B,0.009893011639347665,0.047067375874531636,0.2845947961102836,0.005678033128782199,0.7979350823654131,0.08608870527861398,0.07618329396355067,0.5508689587903941,0.002367724541284083,0.07090407200858,0.10849759333860784,0.34768144119499844,0.026467233289271693
Full,Standard RNN,EC_F_rnn_std,24,Chosen value,0.34111325956363625,-0.19668666829253245,0.9716250176472514,0.08547046583705444,0.31044729317280156,-0.09314117014222192,1.061757966792121,0.555837189338333,0.0022070154281519866,-0.11949142479698091,1.1594108139605408,0.8511790129311103,2.624221733311225e-06
Full,Standard RNN,EC_F_rnn_std,25,Chosen value,0.017554363975975984,0.29086609492353155,0.11310766309709952,0.15341655328741816,0.1660510028708834,0.07139970004204665,0.17409848683152793,0.26808764112136635,0.05790133060558148,0.11542316057402628,0.025385810603754444,0.6518582249480607,0.0004801602224990301
Full,Standard RNN,EC_F_rnn_std,26,Chosen value,0.009426602379066338,0.16660115307459492,0.4012368043884648,0.07025784651509122,0.3597514649462429,0.06063998294012756,0.37834935363307226,0.26993236949916544,0.05689654557121087,0.07445262218726745,0.32513474632005956,0.3785994934318899,0.019169621384745886
Full,Standard RNN,EC_F_rnn_std,27,Offer B,0.011118613412432431,0.0693208466008241,0.4018566240122585,0.011016132089664009,0.7210242133230964,0.07265632123995523,0.2534467550817263,0.35095079136173657,0.02559389956362535,0.058796120045218364,0.2839580094299896,0.21383557503573247,0.09593934690797602
Full,Standard RNN,EC_F_rnn_std,28,Chosen value,0.1306670980181818,-0.21352038124697076,0.8110683064951959,0.07905722672318237,0.33015676190586085,-0.08401042919924587,0.8588299237065145,0.35491741350509703,0.024568716553844863,-0.09101485464026944,0.8949454304364155,0.3875865225094331,0.017413150485793626
Full,Standard RNN,EC_F_rnn_std,29,Offer B,0.004172535533837838,-0.0688244455925695,0.7225877241833707,0.01350798545121878,0.6923478415621853,-0.08793824938518442,0.9162127550468819,0.639526831650243,0.0005962696180541709,-0.08002831564125126,0.9067670889067209,0.4928034027602722,0.00512951459969502
Full,Standard RNN,EC_F_rnn_std,30,Chosen value,1.0485116057272728,0.0007378364753753579,0.8885200300468009,1.8520933463576188e-06,0.9963159682494032,-0.0766831889032459,1.1137773599905838,0.580150882488824,0.0015478739092761743,-0.07972427162967347,1.1363504059687801,0.5834517598551662,0.0014729456523527944
Full,Standard RNN,EC_F_rnn_std,31,Chosen value,0.47224567269778905,0.1073177148938471,0.0859265356624081,0.03294023533543586,0.5346205907149706,0.097927565185776,-0.1012091699802207,0.7954113343657405,1.8222943057056938e-05,0.10686206096465907,-0.1456936894980342,0.8812764405098953,6.666238402068232e-07
Full,Standard RNN,EC_F_rnn_std,32,Unclassified,0.011835917377567567,-0.024052790951978025,0.5936468156205886,0.0016223084148872678,0.8912607300499165,-0.040596587890433446,0.6902020885585928,0.13402306056572794,0.19797743563884024,-0.0211052136471479,0.636738243471339,0.033702582260814816,0.5298488843191854
Full,Standard RNN,EC_F_rnn_std,33,Unclassified,0.11826512565217395,0.06196401410514472,0.31053151091349673,0.008568431662159032,0.752963296192211,0.04373009726010919,0.24000281060652567,0.12376023732648257,0.2173952277220659,0.016586025040803143,0.31665284638464136,0.016564872094932754,0.6610225638599767
Full,Standard RNN,EC_F_rnn_std,34,Chosen value,0.4670124537297293,-0.16575413792741805,0.5076796175383425,0.06210953210329839,0.39021593968308954,-0.05367666608308491,0.5109610115633458,0.1888854757341112,0.12044207290393849,-0.06939094155435659,0.5688769797099598,0.2937083304211918,0.045294715834964465
Full,Standard RNN,EC_F_rnn_std,35,Inactive,0.0007313092522222234,-0.23359659447612585,0.7106690630033204,0.18814897935112404,0.12124996938696714,0.01695898641393234,0.4440923364918303,0.028758526812105376,0.5621920474080042,0.012017177894437639,0.45650468808844685,0.013435537251561675,0.693137295357117
Full,Standard RNN,EC_F_rnn_std,36,Offer B,0.004238318538274448,0.05503404523759437,0.31058687130991064,0.007637222208980069,0.7664130765052946,0.08706311609864074,0.10671935902737184,0.5542924534604453,0.0022559521325681677,0.07331163800529898,0.1344238354998214,0.3656786494327878,0.02196830020291778
Full,Standard RNN,EC_F_rnn_std,37,Unclassified,0.0014880138793393425,0.1805902203206975,0.4469170337715234,0.10600172922901521,0.2559879755751936,-0.027381997110568747,0.6947980870359796,0.07067287075738807,0.35828295266200283,-0.006036842577825511,0.6333221646320016,0.0031961371017868332,0.8477717535454936
Full,Standard RNN,EC_F_rnn_std,38,Offer B,0.003362735096452088,0.03248838831787158,0.3503047075698997,0.0025772889779230325,0.8631606227218627,0.08676374943351124,0.1263786590954975,0.5330665145360163,0.0030285900108341975,0.07079845096019434,0.1609972987456065,0.33024442675204624,0.031588752341495815
Full,Standard RNN,EC_F_rnn_std,39,Unclassified,0.003024976358333332,0.05286912835551147,0.2315327481258776,0.009056368763094695,0.7462319258664639,0.03175898018910286,0.18761706818790844,0.0947721846858671,0.28427702329420823,0.008729512901419947,0.25356402017587926,0.00666209810976161,0.7814813948447685
Full,Standard RNN,EC_F_rnn_std,40,Chosen value,0.006802874730221136,0.06903977413189977,0.3857864790895133,0.013712625487659006,0.690130840306511,0.07713095477658104,0.22401133036629006,0.49633774563909655,0.004905135014339578,0.081597472977778,0.1969426745523084,0.5168404711844481,0.003762810741412131
Full,Standard RNN,EC_F_rnn_std,41,Unclassified,0.00842559556396397,0.0767925778830238,0.4813639391150857,0.022499661933324033,0.608770505212104,-0.017922843724175307,0.6051596609129783,0.03554261137416108,0.5186250145809463,-0.007250624613701494,0.5751482691660824,0.005412146517628104,0.8026357909524626
Full,Standard RNN,EC_F_rnn_std,42,Unclassified,0.0017562118999999987,0.02538312425998048,0.302024820675783,0.0024395243207005046,0.8668375918268866,-0.022746935512552253,0.3922108900610965,0.056814447962060526,0.4118562124618319,-0.04717586568649887,0.47184004825962567,0.2273714657254126,0.0847141808210254
Full,Standard RNN,EC_F_rnn_std,43,Inactive,0.0005303628200000006,-0.06775156758171155,0.8152555560316959,0.017258319305059912,0.654394710784858,-0.0064637826407607435,0.7712730352966202,0.004555450054660871,0.8186710729429824,0.01607920154158815,0.7024978613554691,0.026228289325141596,0.5801647010002129
Full,Standard RNN,EC_F_rnn_std,44,Chosen value,0.012691449333333382,-0.12859891185699335,0.6351022091845908,0.0609158354993709,0.39495863102244755,-0.03713854747355083,0.6244518229184959,0.14733415734523866,0.17545152748507753,-0.06834842076461364,0.7275690382591137,0.4642947689146328,0.007287093616426384
Full,Standard RNN,EC_F_rnn_std,45,Chosen value,1.8824293469090911,0.2417166848996164,0.15678910711241825,0.11956939065652072,0.22589726816937156,0.09418776666796856,0.10540471213443986,0.5264943969779411,0.0033095939969414387,0.1080920120936722,0.046155077028821045,0.6451714843247216,0.0005404720959252117
Full,Standard RNN,EC_F_rnn_std,46,Offer B,0.00425131965772064,0.060735845255456895,0.29789970220878836,0.009708993565424236,0.7375310505285596,0.08713675843192627,0.09911105168107143,0.5795419141073755,0.0015620462930067667,0.0751613915816073,0.12129695890015854,0.4011944184324143,0.01502245900588493
Full,Standard RNN,EC_F_rnn_std,47,Offer B,0.006288074035282556,-0.07427438531189956,0.6447866824090424,0.012468386933542639,0.7039159263004489,-0.08291608391873469,0.8186432846671443,0.45061713441615503,0.008574705342385558,-0.06883097144722353,0.7891936218201,0.2889223516383859,0.04744031074387174
Full,Standard RNN,EC_F_rnn_std,48,Chosen value,0.5049560009115477,-0.08481982650896153,0.9202262989969252,0.021669905130574457,0.6155297137679023,-0.09686634535677204,1.1251450429262932,0.8196077901884757,8.45675471521958e-06,-0.10371267939548119,1.1629743376503099,0.8741926753352597,9.470516115729338e-07
Full,Standard RNN,EC_F_rnn_std,49,Unclassified,0.7797513691081082,0.13426748951405632,0.3878244970823742,0.052336482432670695,0.43145884335189133,0.030744341525062283,0.4224644514506013,0.07957766326721537,0.328502145574035,0.030372018754769137,0.41834819349135643,0.07225889496482706,0.3527402165509206
Full,Modified RNN,EC_F_rnn,0,Offer B,0.2506194271748252,-0.11112329672782019,0.4165737981603062,0.030564746518782354,0.5678196240607545,0.10313853084137606,0.020450321093786472,0.7538722274235417,0.00011850657043757071,0.07661684630137315,0.07118198059488953,0.38844990599375884,0.022857811424431013
Full,Modified RNN,EC_F_rnn,1,Inactive,0.0,0.0,0.5,0.0,1.0,0.0,0.5,0.0,1.0,0.0,0.5,0.0,1.0
Full,Modified RNN,EC_F_rnn,2,Inactive,0.0,0.0,0.5,0.0,1.0,0.0,0.5,0.0,1.0,0.0,0.5,0.0,1.0
Full,Modified RNN,EC_F_rnn,3,Inactive,0.0,0.0,0.5,0.0,1.0,0.0,0.5,0.0,1.0,0.0,0.5,0.0,1.0
Full,Modified RNN,EC_F_rnn,4,Offer A,0.05932017180434782,-0.38633736041748756,0.5465252232721542,0.38494191048324033,0.023666311062687708,-0.019051900941501117,0.24413076248951507,0.026803018690499333,0.593038173062953,-0.03825300886134057,0.3111387340473374,0.10089482621528081,0.29025046897382123
Full,Modified RNN,EC_F_rnn,5,Chosen value,1.473732610909091,0.28774233462075594,0.015149285502415122,0.14954483031378873,0.19178731781443337,0.09795218406747237,0.00197060896030693,0.4961779096812651,0.0071872517809812315,0.1278216458990607,-0.12433869877391024,0.7889484056069241,4.9937061657756706e-05
Full,Modified RNN,EC_F_rnn,6,Inactive,0.0,0.0,0.5,0.0,1.0,0.0,0.5,0.0,1.0,0.0,0.5,0.0,1.0
Full,Modified RNN,EC_F_rnn,7,Unclassified,0.042829372516878406,-0.0513021878947294,0.35989551275282994,0.008781775895792135,0.7607427766601279,0.053502960582490995,0.16026198996137458,0.27347114158518804,0.06669598025043369,0.03413983184299203,0.2043426414706742,0.10397028752964582,0.282607419427387
Full,Modified RNN,EC_F_rnn,8,Offer B,0.1104458955090909,0.04277618670696894,0.08555237341393795,0.004502250422174854,0.8275888367081973,0.1090489879498692,-0.1853321122523338,0.8377493347115404,1.1470371228959111e-05,0.11006596926039985,-0.22378637220489644,0.7969068364007594,4.025509553702572e-05
Full,Modified RNN,EC_F_rnn,9,Unclassified,0.012722196957497166,-0.33576440594235557,0.5749684665951682,0.2430342795374817,0.08694206740354916,-0.021487232661558366,0.32618806176204457,0.028497351261663566,0.5814193768410676,-0.034571064164159074,0.3745957721532518,0.0688810302244541,0.3863423340607731
Full,Modified RNN,EC_F_rnn,10,Inactive,0.0,0.0,0.5,0.0,1.0,0.0,0.5,0.0,1.0,0.0,0.5,0.0,1.0
Full,Modified RNN,EC_F_rnn,11,Offer B,1.0136309765865255,0.05009306389838534,0.6674105496272632,0.008518883348847804,0.7642587502207882,-0.07349359204346288,0.922824370580244,0.5250150188641265,0.005086054642501988,-0.05657354558734677,0.8929449223179795,0.2904893327566001,0.05735282842787504
Full,Modified RNN,EC_F_rnn,12,Offer A,0.002697997772318125,-0.3897778101317064,0.5755962963163535,0.3565640257894298,0.03117946606798741,-0.015334951840895608,0.2594470268188658,0.01580205006807369,0.682391985576595,-0.03513976915022579,0.3271674322708785,0.07747775420637372,0.35712305118433774
Full,Modified RNN,EC_F_rnn,13,Inactive,0.0,0.0,0.5,0.0,1.0,0.0,0.5,0.0,1.0,0.0,0.5,0.0,1.0
Full,Modified RNN,EC_F_rnn,14,Inactive,0.0,0.0,0.5,0.0,1.0,0.0,0.5,0.0,1.0,0.0,0.5,0.0,1.0
Full,Modified RNN,EC_F_rnn,15,Inactive,0.0,0.0,0.5,0.0,1.0,0.0,0.5,0.0,1.0,0.0,0.5,0.0,1.0
Full,Modified RNN,EC_F_rnn,16,Inactive,0.0,0.0,0.5,0.0,1.0,0.0,0.5,0.0,1.0,0.0,0.5,0.0,1.0
Full,Modified RNN,EC_F_rnn,17,Inactive,0.0,0.0,0.5,0.0,1.0,0.0,0.5,0.0,1.0,0.0,0.5,0.0,1.0
Full,Modified RNN,EC_F_rnn,18,Inactive,0.0,0.0,0.5,0.0,1.0,0.0,0.5,0.0,1.0,0.0,0.5,0.0,1.0
Full,Modified RNN,EC_F_rnn,19,Inactive,0.0,0.0,0.5,0.0,1.0,0.0,0.5,0.0,1.0,0.0,0.5,0.0,1.0
Full,Modified RNN,EC_F_rnn,20,Inactive,0.0,0.0,0.5,0.0,1.0,0.0,0.5,0.0,1.0,0.0,0.5,0.0,1.0
Full,Modified RNN,EC_F_rnn,21,Inactive,0.0,0.0,0.5,0.0,1.0,0.0,0.5,0.0,1.0,0.0,0.5,0.0,1.0
Full,Modified RNN,EC_F_rnn,22,Inactive,0.0,0.0,0.5,0.0,1.0,0.0,0.5,0.0,1.0,0.0,0.5,0.0,1.0
Full,Modified RNN,EC_F_rnn,23,Offer B,0.41535796399999997,0.026667975326632985,0.05333595065326599,0.0022567022835899408,0.8775249685168529,0.08598226613868953,-0.16676621420918916,0.6716720122056241,0.0006057733300246233,0.08789323637369435,-0.20060140586031952,0.6553616213598433,0.0007987022950703208
Full,Modified RNN,EC_F_rnn,24,Inactive,0.0,0.0,0.5,0.0,1.0,0.0,0.5,0.0,1.0,0.0,0.5,0.0,1.0
Full,Modified RNN,EC_F_rnn,25,Offer B,0.7463763347718706,0.029990845290494415,0.06418042760147938,0.0028616641269137537,0.8622072827119074,0.09186027457187144,-0.1695841889887753,0.7686737025514765,8.358939312134444e-05,0.09328884620833927,-0.20378959703680105,0.7402469104466144,0.00016057065463943057
Full,Modified RNN,EC_F_rnn,26,Inactive,0.0,0.0,0.5,0.0,1.0,0.0,0.5,0.0,1.0,0.0,0.5,0.0,1.0
Full,Modified RNN,EC_F_rnn,27,Inactive,0.0,0.0,0.5,0.0,1.0,0.0,0.5,0.0,1.0,0.0,0.5,0.0,1.0
Full,Modified RNN,EC_F_rnn,28,Inactive,0.0,0.0,0.5,0.0,1.0,0.0,0.5,0.0,1.0,0.0,0.5,0.0,1.0
Full,Modified RNN,EC_F_rnn,29,Inactive,0.0,0.0,0.5,0.0,1.0,0.0,0.5,0.0,1.0,0.0,0.5,0.0,1.0
Full,Modified RNN,EC_F_rnn,30,Inactive,0.0,0.0,0.5,0.0,1.0,0.0,0.5,0.0,1.0,0.0,0.5,0.0,1.0
Full,Modified RNN,EC_F_rnn,31,Inactive,0.0,0.0,0.5,0.0,1.0,0.0,0.5,0.0,1.0,0.0,0.5,0.0,1.0
Full,Modified RNN,EC_F_rnn,32,Inactive,0.0,0.0,0.5,0.0,1.0,0.0,0.5,0.0,1.0,0.0,0.5,0.0,1.0
Full,Modified RNN,EC_F_rnn,33,Offer B,12.55863805344769,0.02371203085577126,0.14961734453793046,0.0017927937657346764,0.8907610709655096,0.0972391031670089,-0.10525207445515217,0.863217067472426,4.4293349603470504e-06,0.0924767456761265,-0.12157477481492773,0.7290105619136622,0.00020394669365638555
Full,Modified RNN,EC_F_rnn,34,Offer B,0.48855734600872736,0.02936758818744486,0.05873087406298969,0.0027472735562708325,0.8649662648190445,0.0898457073653703,-0.16987528857311512,0.7362160923153328,0.00017515038537071136,0.09160710253486733,-0.20448463102833303,0.7146601237461263,0.0002730662855371684
Full,Modified RNN,EC_F_rnn,35,Inactive,0.0,0.0,0.5,0.0,1.0,0.0,0.5,0.0,1.0,0.0,0.5,0.0,1.0
Full,Modified RNN,EC_F_rnn,36,Inactive,0.0,0.0,0.5,0.0,1.0,0.0,0.5,0.0,1.0,0.0,0.5,0.0,1.0
Full,Modified RNN,EC_F_rnn,37,Inactive,0.0,0.0,0.5,0.0,1.0,0.0,0.5,0.0,1.0,0.0,0.5,0.0,1.0
Full,Modified RNN,EC_F_rnn,38,Inactive,0.0,0.0,0.5,0.0,1.0,0.0,0.5,0.0,1.0,0.0,0.5,0.0,1.0
Full,Modified RNN,EC_F_rnn,39,Inactive,0.0,0.0,0.5,0.0,1.0,0.0,0.5,0.0,1.0,0.0,0.5,0.0,1.0
Full,Modified RNN,EC_F_rnn,40,Inactive,0.0,0.0,0.5,0.0,1.0,0.0,0.5,0.0,1.0,0.0,0.5,0.0,1.0
Full,Modified RNN,EC_F_rnn,41,Offer B,4.988661882195803,0.03356740441985255,0.09963168721403651,0.003084936428071547,0.856980631634769,0.10579939453875241,-0.17050437008562572,0.8774499637577466,2.404003455089467e-06,0.10531828305521332,-0.20316095961954492,0.8118843151970386,2.621253850325429e-05
Full,Modified RNN,EC_F_rnn,42,Inactive,0.0,0.0,0.5,0.0,1.0,0.0,0.5,0.0,1.0,0.0,0.5,0.0,1.0
Full,Modified RNN,EC_F_rnn,43,Unclassified,0.0013500287777777774,0.0263157894736842,0.05263157894736843,0.0021929824561403486,0.8792549158623677,0.03768382352941178,-0.030330882352941207,0.12875306372549025,0.22858675012528956,0.03622332467123396,-0.03787699818883378,0.1110848623251175,0.2657831696411974
Full,Modified RNN,EC_F_rnn,44,Inactive,0.0,0.0,0.5,0.0,1.0,0.0,0.5,0.0,1.0,0.0,0.5,0.0,1.0
Full,Modified RNN,EC_F_rnn,45,Unclassified,0.3579878584444445,0.03362727743736859,0.04750730155659297,0.0035921025032319403,0.8457886348841637,0.037352962891495076,-0.027764413653937406,0.12689973600865312,0.23221010899174144,0.0366430419524697,-0.037582390689047715,0.11403134852639532,0.2591455133531634
Full,Modified RNN,EC_F_rnn,46,Offer B,2.0155402187878773,0.02428991124282795,0.12776177389204837,0.0016668835953540229,0.894647015959563,0.10639718553123038,-0.15263952839576614,0.9157121896609297,3.014277048118982e-07,0.10309192677339489,-0.17653887596563891,0.8027469118937568,3.418414663827224e-05
Full,Modified RNN,EC_F_rnn,47,Unclassified,3.0120467633611105,0.28870747243669054,-0.006891264754814053,0.17534208894588169,0.1544151970942913,0.009109202623016083,0.2336817484904699,0.004997768677152651,0.8184832291606854,0.04177782582456729,0.12720436949657934,0.0981607144088792,0.2972445360933702
Full,Modified RNN,EC_F_rnn,48,Inactive,0.0,0.0,0.5,0.0,1.0,0.0,0.5,0.0,1.0,0.0,0.5,0.0,1.0
Full,Modified RNN,EC_F_rnn,49,Offer B,1.6218981729090907,0.026642454320453438,0.0532849086409069,0.002252076762111087,0.877649702571666,0.08594572043314935,-0.16673679937302271,0.6710093027621558,0.0006127710970768003,0.0878581070573688,-0.20056467281433565,0.6547482211540814,0.0008068536619863933
Partial,Standard RNN,EC_P_rnn_std,0,Chosen value,0.26713267277777797,0.33935556406867307,0.19114415640414406,0.18740198183598375,0.15982037285469852,0.08535370972682332,0.2603845792410949,0.34007499667442204,0.04656471182576899,0.11636926115415418,0.12401999138275993,0.5827433385950321,0.0038648105728573637
Partial,Standard RNN,EC_P_rnn_std,1,Chosen value,0.42473718999999976,0.30352555729543396,0.20762765370965486,0.18652619530013875,0.1609093771273548,0.08801975427917892,0.2364701107727957,0.44996141462374,0.016952109878495304,0.11372316770834291,0.11625911951168821,0.6924425243442852,0.0007862454607330587
Partial,Standard RNN,EC_P_rnn_std,2,Chosen value,0.47721660712962954,-0.12623489031230778,0.764461188609071,0.04251966257640053,0.5202375286245188,-0.09055315679580782,0.9053131500775776,0.6276302306314812,0.0021258358015972386,-0.09966992615398784,0.9726731324899159,0.7009641409527753,0.0006798954648126524
Partial,Standard RNN,EC_P_rnn_std,3,Chosen value,0.7854505461111111,0.13973910963671063,0.2066167338465058,0.07037254238449538,0.4046708172593759,0.08953699674994513,0.08102276022197935,0.828777615306421,3.912539654984312e-05,0.09913998577202392,0.0125059639210795,0.9367021893115861,2.569363812304564e-07
Partial,Standard RNN,EC_P_rnn_std,4,Offer B,0.0012864079550829466,-0.044552229153491614,0.3021435871282001,0.0074859543247154554,0.7891872011483065,0.07920053866710415,0.03690251751403767,0.6786255940084043,0.0009872707493807228,0.0723309924633548,0.026228318231596354,0.5217875073178989,0.0079701536330168
Partial,Standard RNN,EC_P_rnn_std,5,Offer B,0.14994286579637509,0.023024102570501036,0.6710696574622789,0.0016207500233618856,0.9011400361351116,-0.07046035302193707,0.8918127517140598,0.43541753199315875,0.01954817089218254,-0.07118294114186541,0.923519643529634,0.4096745670422552,0.02497492077358425
Partial,Standard RNN,EC_P_rnn_std,6,Chosen value,0.6457346654629625,-0.16189308838114533,0.8869478079548616,0.06447042471872814,0.4258336511534101,-0.10618667380227499,1.0394080527119243,0.795627192811351,9.637144428745141e-05,-0.11657895736451837,1.1174274217068296,0.8840580476991468,5.425256905528002e-06
Partial,Standard RNN,EC_P_rnn_std,7,Offer B,0.0017660642198586984,-0.058792806155517546,0.3427310765676588,0.012949199359200657,0.7247378048903486,0.07645157935945326,0.07222486273998344,0.6281062719309766,0.0021116593255817145,0.06812455085015076,0.06743288066211106,0.45976761293263524,0.01537176204942147
Partial,Standard RNN,EC_P_rnn_std,8,Chosen value,0.6078962238888891,-0.19145433857711425,0.8827134593994227,0.0896505117575797,0.34442326982077376,-0.10503364297782224,1.0048089708075643,0.7740069747194884,0.00016111173792769925,-0.11749739140046302,1.0890801710885727,0.892925716296539,3.62965828322618e-06
Partial,Standard RNN,EC_P_rnn_std,9,Offer B,0.36375346370370365,-0.07968774620639259,0.8594271791102591,0.019500706453326706,0.6651226010168017,-0.10055146111174652,1.0712758849043478,0.8906553826036672,4.035343469361358e-06,-0.10404979260497017,1.1245419043872191,0.8791970614341401,6.677064905152358e-06
Partial,Standard RNN,EC_P_rnn_std,10,Offer B,0.3946827994011033,0.04909307870977188,0.6186083340739725,0.009069475600792824,0.7684466336146836,-0.06519891142249444,0.8483405719216643,0.4588682383896577,0.015511309933401232,-0.0614923531603683,0.8634604706624605,0.3762880260289985,0.0338947560920102
Partial,Standard RNN,EC_P_rnn_std,11,Chosen value,0.18376553537037044,-0.2641806391572367,0.7332099176334164,0.13623650856457495,0.2377074327714664,-0.08095475757162092,0.7204161448588753,0.3669796258659277,0.03682444986761213,-0.1048636458322984,0.8318511806942526,0.5676465083951224,0.004663096802875088
Partial,Standard RNN,EC_P_rnn_std,12,Chosen value,0.6780623240740741,0.1690395361070103,0.12313276017418409,0.073684721899644,0.39340886896216976,0.10100152202118844,-0.008085310787757038,0.7546096756572276,0.00024567517793311523,0.1132804921705966,-0.09007593128216207,0.8750797858237647,7.910357922779072e-06
Partial,Standard RNN,EC_P_rnn_std,13,Chosen value,0.563132029074074,-0.2520443064723814,0.8904735747272184,0.17831296367515453,0.1714837114132769,-0.0862026938922821,0.9036739264890015,0.5983240776129762,0.003162861982880205,-0.10825301525313072,1.0112552600335438,0.8698526128993952,9.733612273333345e-06
Partial,Standard RNN,EC_P_rnn_std,14,Offer B,0.10897426364172347,-0.04437146479512016,0.6596231526465997,0.004326727758049885,0.8390550053204073,-0.08775790561726884,0.867596709166668,0.48550108693453536,0.011803120643776909,-0.08521917276251428,0.895911621395911,0.42204931453945294,0.02222481469567863
Partial,Standard RNN,EC_P_rnn_std,15,Chosen value,0.08431206501851853,0.1892236009628947,0.18006310186941707,0.11308091419949011,0.28519204811910376,0.06663634939213121,0.16471507947436542,0.4022784487539346,0.026753581238108115,0.08582093190201395,0.07460004073719184,0.6151226094312332,0.0025273390612022147
Partial,Standard RNN,EC_P_rnn_std,16,Offer B,0.9444388805908566,0.035204108960340964,0.14613008524951177,0.003373274494460923,0.8577099143225012,0.10980172777880899,-0.13270437691013454,0.9413453594596889,1.7518896338910628e-07,0.10784657180821434,-0.17210083991353897,0.8371710304093668,3.030653563110418e-05
Partial,Standard RNN,EC_P_rnn_std,17,Chosen value,0.7432632901481481,-0.13718823662851523,0.8279865767126745,0.05420205352755162,0.46649860078870065,-0.10136484577382363,0.9894310894957025,0.8488332621446287,2.0783260501101665e-05,-0.10937654213065151,1.057704455061153,0.9111018001699648,1.4200659687685113e-06
Partial,Standard RNN,EC_P_rnn_std,18,Offer B,0.1064582298923612,-0.07849163986936215,0.37455036716149936,0.014598569044657025,0.7083705305341023,0.09663960464899134,0.028787484109108585,0.6348036872649753,0.0019202971951506624,0.07762311248951274,0.050324581690334325,0.37755664810877226,0.03351153694869932
Partial,Standard RNN,EC_P_rnn_std,19,Offer B,1.834582671404612,-0.030776336484901846,0.9006173309006053,0.002881794097970023,0.8683974050572777,-0.09849388187436338,1.1514716877668083,0.8466682646708272,2.2338012081000166e-05,-0.09847870979953116,1.192461495971255,0.7802797528890186,0.00013950587773125403
Partial,Standard RNN,EC_P_rnn_std,20,Chosen value,0.6829452366666667,0.16802844426563754,0.14002479434951573,0.07740597385343592,0.3812400323141425,0.10133675361037381,0.00693006636362431,0.8076226849637338,7.079070244897925e-05,0.11228604920216087,-0.07087879164733935,0.9141069312711628,1.194113697489972e-06
Partial,Standard RNN,EC_P_rnn_std,21,Inactive,0.0006536181481484604,-0.09210250080928169,0.42982689955939507,0.03407391649298116,0.5657480842741404,0.06436236053074827,0.16303958564710008,0.4773190918153828,0.012852773863282697,0.05375924708184376,0.17068205413489465,0.3069884937735674,0.061588378135883505
Partial,Standard RNN,EC_P_rnn_std,22,Offer B,0.8402285758801964,0.07142981133009105,0.1434248260032162,0.014874965791958482,0.7057304530126889,0.10249419016441268,-0.0814980524100363,0.8785391806448077,6.862972212271967e-06,0.10420122815180906,-0.1297518384375798,0.8371035393527301,3.037039214361512e-05
Partial,Standard RNN,EC_P_rnn_std,23,Chosen value,0.3448807694444444,-0.14983545749281907,0.796813011082265,0.057126977623010056,0.4543660377861931,-0.09579245277366745,0.9308757912392387,0.6697925411033753,0.0011364566319959195,-0.10590888982949054,1.0036677336596918,0.7547678898739962,0.00024486365298208415
Partial,Standard RNN,EC_P_rnn_std,24,Offer B,1.8937629852797477,-0.01793024145028579,0.8760255579354621,0.0010014452105559484,0.9222260027306493,-0.09703630974041119,1.1345257142038652,0.8413740841116472,2.653774126035295e-05,-0.0957823815891129,1.1708822434373172,0.7557231289137633,0.00024001004230264847
Partial,Standard RNN,EC_P_rnn_std,25,Offer B,0.16366677770456498,0.031728346126317294,0.6374373067151227,0.0027037974284462238,0.8724962405323557,-0.08858336387403656,0.9175078216406838,0.6045737495229345,0.0029126367657494605,-0.08245168641576514,0.9344896048488169,0.48285296234000713,0.012134646805030657
Partial,Standard RNN,EC_P_rnn_std,26,Chosen value,0.7356620524074075,0.14213059627211325,0.1287178087674603,0.05205129353538332,0.4757286449641416,0.10603095571870148,-0.04141685251942345,0.8309739149557313,3.664020918098166e-05,0.11455025950494843,-0.11328415470751829,0.894097866403852,3.433441053819927e-06
Partial,Standard RNN,EC_P_rnn_std,27,Chosen value,0.5921895777777779,-0.19554804051164557,0.8954880264958933,0.092473672355748,0.33656555365422614,-0.10378319118427415,1.010288031048995,0.7471897015005392,0.0002862628697970371,-0.11771070060865306,1.0987954330050074,0.8860935804910267,4.96076800965462e-06
Partial,Standard RNN,EC_P_rnn_std,28,Offer B,0.2058900037456325,0.05322625056613023,0.6120097986383292,0.009688101141695335,0.7608762533132958,-0.07215493868964347,0.8652395212779384,0.5107221673526655,0.00900822006378169,-0.06207090274448652,0.8625309622435298,0.34841718882724726,0.04332918324027746
Partial,Standard RNN,EC_P_rnn_std,29,Offer B,0.15238294591922777,-0.0708607531017892,0.43441831703986805,0.016547083276524106,0.6903172384918097,0.06168409280617941,0.19469103041238625,0.35968469420834753,0.0392714961143926,0.057920311201751264,0.18122161529086966,0.29235345562058246,0.06950521466318771
Partial,Standard RNN,EC_P_rnn_std,30,Chosen value,0.4079344337037033,-0.23165313454845238,0.8929003034180298,0.1353613170544503,0.2393374268631629,-0.09360946459355672,0.9457784130970259,0.6340498441588298,0.0019410970110758509,-0.11236951425999203,1.0457525180935894,0.8422708087965102,2.578489497653149e-05
Partial,Standard RNN,EC_P_rnn_std,31,Offer B,1.5082442562161416,0.01689927415493035,0.1210248231720893,0.0009049634925533585,0.9260578290930965,0.09630385802598299,-0.13634510659284302,0.8430396412445987,2.5153222207960302e-05,0.09494127496798846,-0.17204331916518703,0.7553384777605574,0.00024195499355292568
Partial,Standard RNN,EC_P_rnn_std,32,Offer B,1.002454509814815,0.08150464595626804,0.14522239205687,0.01368552220424141,0.7172958961979766,0.12113666053677202,-0.1232855540040717,0.8671884911842002,1.0784992637457212e-05,0.12182311298313903,-0.17599013301175281,0.8085233413341829,6.911786489264097e-05
Partial,Standard RNN,EC_P_rnn_std,33,Chosen value,0.23055984744680852,-0.1917388858588449,0.680710076207304,0.13534221439154592,0.2393731369062254,-0.05924263413641492,0.6728035608898717,0.3706357168926878,0.035648612551884194,-0.07380602360853139,0.7448190075644231,0.5303139208493874,0.0072401153930366354
Partial,Standard RNN,EC_P_rnn_std,34,Chosen value,0.4518796335279748,-0.09537577114444439,0.8024880875051668,0.03277246740223277,0.5733942562649049,-0.07758596339889692,0.9348871935863008,0.6221068713292267,0.0022961186875133936,-0.08696090477313266,0.9976832378021072,0.7204728965690236,0.00047997168671388296
Partial,Standard RNN,EC_P_rnn_std,35,Unclassified,0.0924564009456268,0.21403222558059137,0.2745378028812614,0.13552206006023526,0.23903716256477583,-0.001111219426907688,0.4738824647063753,0.00010478930958556046,0.97481172675726,0.019052743019166516,0.408812594851179,0.028399010772167697,0.6005901123742667
Partial,Standard RNN,EC_P_rnn_std,36,Chosen value,0.4359739185185184,0.2652265936152751,0.1374505178247612,0.13228473033691926,0.24516270540500731,0.10192831686428025,0.09177799752330262,0.5604423627025904,0.0050895212555274,0.12241642336801381,-0.017278480640614824,0.7452319870005824,0.00029783187167031826
Partial,Standard RNN,EC_P_rnn_std,37,Unclassified,0.20295532626865664,-0.3135890990284907,0.7219994777828267,0.21638663128322333,0.12754565188879946,-0.02856312435714971,0.5154716560186344,0.05149743534346705,0.47815001204102203,-0.060241562669779605,0.6303278823501606,0.21117256842382048,0.13284802502573742
Partial,Standard RNN,EC_P_rnn_std,38,Chosen value,0.1862840540740739,-0.22891388034129173,0.6812424058854252,0.10817932285799263,0.2965382783192592,-0.07622792355457648,0.6873837989772078,0.34410727329098334,0.04497533008018587,-0.09696125332935991,0.7865287555596607,0.5132547514123053,0.008761199687068916
Partial,Standard RNN,EC_P_rnn_std,39,Offer B,0.0017028949448388842,0.04273426133033957,0.706557112800699,0.006913510644358992,0.7972536420167994,-0.07934518732542543,0.970541549775549,0.6836803233924232,0.00090937036999966,-0.07274158122819017,0.9821403246784617,0.5297222811535013,0.0072889027771207435
Partial,Standard RNN,EC_P_rnn_std,40,Chosen value,0.6788968796296294,0.16543241312449639,0.12275028225465096,0.06769565437323873,0.4140882892257436,0.10640278248947964,-0.027077889434753033,0.8033248838488005,7.92302400358221e-05,0.11673596586104647,-0.10499522809629508,0.8913853172184867,3.901128016676138e-06
Partial,Standard RNN,EC_P_rnn_std,41,Chosen value,0.6604174489259261,-0.14690398939693622,0.8810179302989345,0.05430884894037775,0.46604726792703466,-0.10589102210060074,1.0463805026367785,0.8094450423852939,6.743916382826137e-05,-0.11527255900095473,1.1209917567715126,0.8842841083965836,5.3720097490343346e-06
Partial,Standard RNN,EC_P_rnn_std,42,Chosen value,0.6092736374074073,0.1811138727244366,0.17101682817993216,0.11159535027453371,0.288578096603573,0.08831248691883488,0.08681916524063354,0.761119000309852,0.00021403634676845973,0.10217830437130576,0.004958388970588645,0.9392832576469058,2.0841585883806837e-07
Partial,Standard RNN,EC_P_rnn_std,43,Chosen value,0.6127196224074077,-0.217170252762536,0.9006066814591973,0.11337718509337254,0.28452212239203944,-0.09996489354751632,0.9847678148115022,0.6891054437185352,0.0008314209412522964,-0.11704078046192358,1.0819164862614576,0.8708351449805225,9.367379594957692e-06
Partial,Standard RNN,EC_P_rnn_std,44,Chosen value,0.7651971624533334,-0.1429524775821745,0.8616211440991391,0.05432169903289167,0.46599300523255816,-0.10072222784627932,1.015961018546604,0.7735818764203815,0.00016266863970928105,-0.11091876194083664,1.0910673492898648,0.864841520005218,1.1785246979026706e-05
Partial,Standard RNN,EC_P_rnn_std,45,Unclassified,0.14618494657962966,0.16021900272323503,0.34605789560766087,0.06176661692841443,0.43603698926202095,0.05444008111316164,0.338678418283335,0.20456388461568073,0.13987113185834515,0.07030726926139463,0.26442668967109373,0.3145304962108011,0.057831029984948885
Partial,Standard RNN,EC_P_rnn_std,46,Chosen value,0.7186585875925926,-0.15718459560810916,0.8654710459336183,0.0676591463871758,0.41421875646812767,-0.10177400128257943,1.0097448369268267,0.8136655283777224,6.01676046027488e-05,-0.11205539467157402,1.0855651993088005,0.9093029965371582,1.5709468986086073e-06
Partial,Standard RNN,EC_P_rnn_std,47,Offer B,0.8634503034964073,-0.03264915670307728,0.8798745367970428,0.002968826714058487,0.8664404104895713,-0.10364924760283686,1.143619011360593,0.8582995577245435,1.4973544033547238e-05,-0.10283161425179957,1.1841488894709038,0.778808624860833,0.00014434868876317468
Partial,Standard RNN,EC_P_rnn_std,48,Chosen value,0.111966528148148,0.3149882381979642,0.11245981987331954,0.20131473802113778,0.14345320274011686,0.09206982687195699,0.14033452875090857,0.4933864487091358,0.010860605222706664,0.11785803753690705,0.018160416226505494,0.745318393733554,0.0002973133763337519
Partial,Standard RNN,EC_P_rnn_std,49,Chosen value,0.15336240070370372,-0.14962173084343877,0.7686200377499938,0.053893154995098266,0.467807710175271,-0.09164053600522695,0.8911149698249846,0.5799428116100975,0.004003658557067227,-0.10463871108275542,0.9715425954957967,0.6970526070336741,0.0007271492400920634
Partial,Modified RNN,EC_P_rnn,0,Inactive,0.0,0.0,0.5,0.0,1.0,0.0,0.5,0.0,1.0,0.0,0.5,0.0,1.0
Partial,Modified RNN,EC_P_rnn,1,Inactive,0.0,0.0,0.5,0.0,1.0,0.0,0.5,0.0,1.0,0.0,0.5,0.0,1.0
Partial,Modified RNN,EC_P_rnn,2,Inactive,0.000536351,-0.3321152293828796,0.38746776761335955,0.35137344354137706,0.0327594584523449,-0.010632978391700649,0.11116295591323405,0.010312085716677202,0.7413240828231868,-0.041327873298057524,0.21187743125069913,0.1454632817429,0.19849103510102675
Partial,Modified RNN,EC_P_rnn,3,Inactive,5.282706149230769e-06,0.1728114255322602,0.027251029925479647,0.08270605467022346,0.3407072139824029,-0.04840706575532477,0.3245432252588749,0.18580406614512102,0.14141394701427518,-0.01201640918612535,0.22485204260667097,0.010690985228977132,0.7367633557352544
Partial,Modified RNN,EC_P_rnn,4,Inactive,1.9039344750769228e-06,0.29625638743751154,-0.10865213790135672,0.2069604268517797,0.11829604256144453,-0.052496311078663815,0.314227874341774,0.18606073740477425,0.14110886159912625,-0.003916414485480655,0.17722731794879262,0.000966952356112114,0.9196747017923641
Partial,Modified RNN,EC_P_rnn,5,Inactive,0.0,0.0,0.5,0.0,1.0,0.0,0.5,0.0,1.0,0.0,0.5,0.0,1.0
Partial,Modified RNN,EC_P_rnn,6,Inactive,4.163336342344337e-17,0.0,0.5,0.0,1.0,0.0,0.5,0.0,1.0,0.0,0.5,0.0,1.0
Partial,Modified RNN,EC_P_rnn,7,Inactive,1.1102230246251565e-16,0.0,0.5,0.0,1.0,0.0,0.5,0.0,1.0,0.0,0.5,0.0,1.0
Partial,Modified RNN,EC_P_rnn,8,Inactive,0.0,0.0,0.5,0.0,1.0,0.0,0.5,0.0,1.0,0.0,0.5,0.0,1.0
Partial,Modified RNN,EC_P_rnn,9,Inactive,3.143422723829787e-05,0.041863152173587055,0.049810969678213954,0.0056203208662577026,0.8076886224029275,0.013368393935858218,0.05040537355946707,0.01640971452551464,0.676634801910759,0.011089250234850748,0.05330948632492117,0.01054332365510402,0.7385300258467278
Partial,Modified RNN,EC_P_rnn,10,Inactive,0.0,0.0,0.5,0.0,1.0,0.0,0.5,0.0,1.0,0.0,0.5,0.0,1.0
Partial,Modified RNN,EC_P_rnn,11,Inactive,6.645214460043137e-05,0.0263157894736842,0.05263157894736843,0.0021929824561403486,0.8792549158623677,0.0854779411764706,-0.1663602941176471,0.6624540441176472,0.000709331075013026,0.08740845735884714,-0.2000944956295771,0.6468225844554687,0.0009185790446216073
Partial,Modified RNN,EC_P_rnn,12,Chosen value,0.2799171072549018,0.10677167216284071,0.09338375589310952,0.032048705912375276,0.5584174541796891,0.0998044746620399,-0.09211666691776646,0.8017587975586544,3.515444376917189e-05,0.10718530067015387,-0.1477527303881406,0.8634650905809025,4.384818316833936e-06
Partial,Modified RNN,EC_P_rnn,13,Inactive,0.0,0.0,0.5,0.0,1.0,0.0,0.5,0.0,1.0,0.0,0.5,0.0,1.0
Partial,Modified RNN,EC_P_rnn,14,Offer B,2.0869171,0.054435822631347955,0.07972032634234699,0.008531107517013567,0.7640939758068367,0.1039226504868012,-0.1658110733834583,0.8902286412856978,1.30402456971967e-06,0.10583750581321855,-0.20545470195983984,0.8621660979120296,4.622117013961116e-06
Partial,Modified RNN,EC_P_rnn,15,Inactive,0.0,0.0,0.5,0.0,1.0,0.0,0.5,0.0,1.0,0.0,0.5,0.0,1.0
Partial,Modified RNN,EC_P_rnn,16,Inactive,0.0,0.0,0.5,0.0,1.0,0.0,0.5,0.0,1.0,0.0,0.5,0.0,1.0
Partial,Modified RNN,EC_P_rnn,17,Offer B,3.943396609803923,0.06024009213106465,0.10070656918377327,0.008382142088837792,0.7661106867828558,0.11274691671216372,-0.16458226256832537,0.8406948955706275,1.0355823842663243e-05,0.11452888831297849,-0.20665566873329894,0.8100088569336544,2.7708847092871626e-05
Partial,Modified RNN,EC_P_rnn,18,Inactive,0.0,0.0,0.5,0.0,1.0,0.0,0.5,0.0,1.0,0.0,0.5,0.0,1.0
Partial,Modified RNN,EC_P_rnn,19,Inactive,8.326672684688674e-17,0.0,0.5,0.0,1.0,0.0,0.5,0.0,1.0,0.0,0.5,0.0,1.0
Partial,Modified RNN,EC_P_rnn,20,Inactive,0.0,0.0,0.5,0.0,1.0,0.0,0.5,0.0,1.0,0.0,0.5,0.0,1.0
Partial,Modified RNN,EC_P_rnn,21,Inactive,0.0,0.0,0.5,0.0,1.0,0.0,0.5,0.0,1.0,0.0,0.5,0.0,1.0
Partial,Modified RNN,EC_P_rnn,22,Inactive,0.0,0.0,0.5,0.0,1.0,0.0,0.5,0.0,1.0,0.0,0.5,0.0,1.0
Partial,Modified RNN,EC_P_rnn,23,Chosen value,1.0600989215686274,0.09994297499980187,0.08449889800306895,0.02202825331292644,0.6284513723442327,0.11614343104963434,-0.15380812113838094,0.8517460301228215,6.935978826421323e-06,0.12039887211969018,-0.20481785825336285,0.85466568392794,6.2084307520456274e-06
Partial,Modified RNN,EC_P_rnn,24,Inactive,0.0,0.0,0.5,0.0,1.0,0.0,0.5,0.0,1.0,0.0,0.5,0.0,1.0
Partial,Modified RNN,EC_P_rnn,25,Inactive,4.440892098500626e-16,0.0,0.5,0.0,1.0,0.0,0.5,0.0,1.0,0.0,0.5,0.0,1.0
Partial,Modified RNN,EC_P_rnn,26,Offer B,0.6067749745098039,0.054050378012343546,0.08335173784484798,0.008527709907935851,0.7641397607581508,0.1035275638601234,-0.16141097959180153,0.895761175244888,9.786699104513751e-07,0.1052795362565289,-0.20041075120291116,0.8649655031335827,4.123292557951805e-06
Partial,Modified RNN,EC_P_rnn,27,Offer B,1.3477270274509805,0.05694579951327736,0.07846528032257813,0.009423420011607671,0.7523932570792193,0.10339347353826878,-0.16324309865870004,0.889440107876376,1.3568858467280117e-06,0.10550287584065902,-0.20333232663710063,0.8647482035185899,4.160352972738827e-06
Partial,Modified RNN,EC_P_rnn,28,Inactive,0.0,0.0,0.5,0.0,1.0,0.0,0.5,0.0,1.0,0.0,0.5,0.0,1.0
Partial,Modified RNN,EC_P_rnn,29,Chosen value,0.5641476273529411,0.08642941377349216,0.09103956794817916,0.026200350536706236,0.5972815121667432,0.0854385445539502,-0.07235067691445557,0.7330556560998065,0.00018733453722951716,0.09025381502506531,-0.11521460234034278,0.7638199860812503,9.394516294042315e-05
Partial,Modified RNN,EC_P_rnn,30,Inactive,1.9110163398644575e-05,-0.015132692200228842,0.37542961058627344,0.0005893458256734293,0.9372547595158831,-0.0568150652486277,0.5231653881090795,0.23785382119709786,0.09090631890927751,-0.05920431500756131,0.5490931084254104,0.24116842634977217,0.08835097520971748
Partial,Modified RNN,EC_P_rnn,31,Inactive,0.0,0.0,0.5,0.0,1.0,0.0,0.5,0.0,1.0,0.0,0.5,0.0,1.0
Partial,Modified RNN,EC_P_rnn,32,Offer A,0.38397899333333335,-0.41519260311947587,0.5213133617106429,0.5377294931169783,0.004340731054406969,-0.019535727689458524,0.19366033763958557,0.034085457405858194,0.5459626602051257,-0.05285841491556656,0.3055791661019992,0.23300692392918093,0.09476720184866164
Partial,Modified RNN,EC_P_rnn,33,Inactive,0.0,0.0,0.5,0.0,1.0,0.0,0.5,0.0,1.0,0.0,0.5,0.0,1.0
Partial,Modified RNN,EC_P_rnn,34,Chosen value,0.38213979784313734,0.12328695065313314,0.10760501309311633,0.04781741309604304,0.4729119285221016,0.08557007797236776,-0.022137254379192117,0.6595398018842382,0.0007449857321127229,0.09593693534146472,-0.0826379352323259,0.7741042483187376,7.314053923104849e-05
Partial,Modified RNN,EC_P_rnn,35,Inactive,0.0,0.0,0.5,0.0,1.0,0.0,0.5,0.0,1.0,0.0,0.5,0.0,1.0
Partial,Modified RNN,EC_P_rnn,36,Inactive,0.0,0.0,0.5,0.0,1.0,0.0,0.5,0.0,1.0,0.0,0.5,0.0,1.0
Partial,Modified RNN,EC_P_rnn,37,Inactive,0.0,0.0,0.5,0.0,1.0,0.0,0.5,0.0,1.0,0.0,0.5,0.0,1.0
Partial,Modified RNN,EC_P_rnn,38,Chosen value,2.5396569826666666,-0.15582080030583823,0.6037979276971561,0.07244380594392477,0.373874845724383,-0.0866183176187683,0.7064924006374922,0.6409367657750764,0.001009660669590333,-0.09436013494924492,0.759012385869374,0.7102372033524258,0.000297919173167052
Partial,Modified RNN,EC_P_rnn,39,Chosen value,3.566806425490195,0.1048765930653075,0.15964004824529926,0.032035875545743095,0.5584975261579179,0.10098070383455057,-0.030957407531214676,0.8503574909013398,7.305819724268446e-06,0.10780431170413807,-0.08520753063368525,0.9049563504882596,5.864072392069493e-07
Partial,Modified RNN,EC_P_rnn,40,Chosen value,2.921724709803921,0.15080920634153314,0.13474099353670363,0.056909381892568264,0.43251445049211523,0.10340004271723474,-0.020342937574010844,0.7659755284720707,8.922250967723083e-05,0.11191681489971324,-0.08074072167635699,0.8379049519779048,1.140911755532858e-05
Partial,Modified RNN,EC_P_rnn,41,Chosen value,6.722159699999997,0.15577423916749025,0.16724607081847973,0.06334156032592828,0.4068328942604086,0.09768491760552626,0.033011372249665216,0.7131777865189367,0.00028119611739495237,0.11087461745904238,-0.040349572974032855,0.8579019644876081,5.476594535895497e-06
Partial,Modified RNN,EC_P_rnn,42,Inactive,0.0,0.0,0.5,0.0,1.0,0.0,0.5,0.0,1.0,0.0,0.5,0.0,1.0
Partial,Modified RNN,EC_P_rnn,43,Inactive,0.0,0.0,0.5,0.0,1.0,0.0,0.5,0.0,1.0,0.0,0.5,0.0,1.0
Partial,Modified RNN,EC_P_rnn,44,Chosen value,0.46462215431372567,0.08982224214391185,0.07688055225624812,0.026528209211207455,0.5949656378773329,0.0945315130442831,-0.10925783827540822,0.8412763253724707,1.014673999195005e-05,0.10013422746889514,-0.15755508358925477,0.8814164818004254,2.0023026418636725e-06
Partial,Modified RNN,EC_P_rnn,45,Offer B,0.08579777811764705,0.09058499320423348,0.12232814338890273,0.014509316912240517,0.6950753132412748,0.12603067871865675,-0.15275764077567405,0.8041411810199177,3.2852706540616937e-05,0.12744852080696598,-0.19796871344157396,0.7678563262665618,8.526388150173364e-05
Partial,Modified RNN,EC_P_rnn,46,Inactive,0.0001579609333334231,0.06050105033915713,0.4044784993825934,0.009589091746021993,0.7502878775512279,-0.005197051056849691,0.4751172296266953,0.0020258669096305908,0.8839176843041412,-0.0010479603594595467,0.46364685098871794,7.691610241888947e-05,0.9773150373708037
Partial,Modified RNN,EC_P_rnn,47,Chosen value,1.2746351490196075,0.23069719993095703,0.10672270100638712,0.1263048119291987,0.23338621179665128,0.08925169559335835,0.06564990579232749,0.5412694301353362,0.004150488905179183,0.10300419570222331,-0.006770103898237234,0.6731641730822014,0.0005902604696708796
Partial,Modified RNN,EC_P_rnn,48,Inactive,0.0,0.0,0.5,0.0,1.0,0.0,0.5,0.0,1.0,0.0,0.5,0.0,1.0
Partial,Modified RNN,EC_P_rnn,49,Inactive,0.00042564627450936143,0.09830460307154455,0.32689407845091256,0.02619486237382845,0.597320431419958,0.05101513334636888,0.27243987099267303,0.20198157956094556,0.12338403162911267,0.05697418337293729,0.23707245398118318,0.23523424439415372,0.09297436763716259
