stage,episode,total_reward,actor_loss,critic_loss
1,1,23.0,8.212517738342285,184.8102569580078
1,2,12.0,4.38673210144043,51.65763854980469
1,3,14.0,4.988274574279785,68.09320068359375
1,4,14.0,4.923416614532471,66.66597747802734
1,5,15.0,5.119319438934326,74.91828918457031
1,6,20.0,6.738346099853516,131.04356384277344
1,7,17.0,5.787008285522461,92.81759643554688
1,8,14.0,4.4691925048828125,60.23490905761719
1,9,15.0,4.6787543296813965,67.1700668334961
1,10,20.0,6.5500898361206055,120.4918441772461
1,11,47.0,15.620941162109375,694.3257446289062
1,12,24.0,7.453437328338623,167.42547607421875
1,13,19.0,5.7566237449646,98.44970703125
1,14,14.0,3.6188418865203857,46.8917121887207
1,15,21.0,6.171442985534668,114.03522491455078
1,16,22.0,5.960932731628418,119.5302963256836
1,17,26.0,7.357141017913818,169.7335968017578
1,18,40.0,11.799568176269531,430.93359375
1,19,14.0,2.9913790225982666,34.30546188354492
1,20,23.0,5.65887451171875,110.85848236083984
1,21,37.0,10.116755485534668,328.73150634765625
1,22,22.0,4.393582344055176,86.16641235351562
1,23,20.0,3.301525115966797,62.169403076171875
1,24,15.0,1.6766901016235352,26.77246856689453
1,25,17.0,1.6619478464126587,34.550540924072266
1,26,23.0,3.599792003631592,73.71680450439453
1,27,56.0,14.206432342529297,692.4057006835938
1,28,12.0,-0.8919283151626587,17.683713912963867
1,29,49.0,11.089930534362793,468.8200988769531
1,30,19.0,0.6751276254653931,34.93419647216797
1,31,22.0,1.2070616483688354,47.826873779296875
1,32,51.0,10.27905559539795,449.4637145996094
1,33,10.0,-3.7087466716766357,39.335575103759766
1,34,19.0,-1.6057053804397583,48.24831008911133
1,35,19.0,-2.093984365463257,51.76481628417969
1,36,14.0,-3.281954765319824,43.42244338989258
1,37,41.0,5.677984237670898,211.62416076660156
1,38,16.0,-3.5676779747009277,57.38446807861328
1,39,16.0,-2.995540142059326,44.30628204345703
1,40,24.0,-0.3970091640949249,53.272674560546875
1,41,21.0,-1.7319637537002563,49.56220245361328
1,42,15.0,-4.102441787719727,62.376609802246094
1,43,30.0,1.5781618356704712,83.64603424072266
1,44,35.0,3.059169292449951,144.34075927734375
1,45,19.0,-2.4820010662078857,60.42302703857422
1,46,18.0,-2.3365750312805176,39.88552474975586
1,47,13.0,-4.416157245635986,62.30067443847656
1,48,23.0,-0.5871727466583252,52.319190979003906
1,49,11.0,-3.6484971046447754,51.0814323425293
1,50,40.0,5.958306312561035,215.0345916748047
1,51,29.0,2.3046302795410156,85.59564971923828
1,52,34.0,3.9357101917266846,139.65834045410156
1,53,14.0,-2.62770414352417,39.57985305786133
1,54,24.0,0.6499969363212585,55.404605865478516
1,55,49.0,9.294326782226562,389.304443359375
1,56,42.0,6.846811771392822,254.51600646972656
1,57,34.0,3.747304677963257,141.29275512695312
1,58,14.0,-2.944648504257202,41.413795471191406
1,59,10.0,-4.498631000518799,51.23373794555664
1,60,10.0,-4.668315887451172,50.86347198486328
1,61,22.0,-0.4393283724784851,45.10173034667969
1,62,15.0,-2.456012725830078,35.38214111328125
1,63,26.0,0.9551392793655396,63.81352996826172
1,64,29.0,2.2192463874816895,86.17558288574219
1,65,21.0,-0.5055242776870728,40.643943786621094
1,66,45.0,7.522134304046631,300.49688720703125
1,67,15.0,-2.184828042984009,33.14860153198242
1,68,15.0,-2.621121644973755,34.3115234375
1,69,32.0,3.4117746353149414,109.91316223144531
1,70,15.0,-2.705338478088379,33.30485916137695
1,71,10.0,-4.059996604919434,44.544410705566406
1,72,32.0,3.2187366485595703,112.94330596923828
1,73,33.0,3.883467674255371,132.21400451660156
1,74,17.0,-1.5136882066726685,33.935420989990234
1,75,13.0,-3.3790550231933594,34.4016227722168
1,76,27.0,2.045016288757324,70.2918701171875
1,77,34.0,4.462503910064697,138.073486328125
1,78,25.0,1.5460000038146973,60.61467742919922
1,79,18.0,-1.259985327720642,32.54807662963867
1,80,41.0,6.264155864715576,239.14907836914062
1,81,25.0,1.3097785711288452,57.34262466430664
1,82,20.0,-0.5652937293052673,37.66696548461914
1,83,43.0,6.766679286956787,260.21087646484375
1,84,23.0,-0.035222623497247696,50.28120040893555
1,85,16.0,-2.83215069770813,36.60232925415039
1,86,28.0,1.5774855613708496,72.63951873779297
1,87,64.0,13.5289945602417,754.3119506835938
1,88,40.0,5.393226146697998,198.2665252685547
1,89,44.0,6.142702102661133,260.6320495605469
1,90,12.0,-4.551553249359131,46.4574089050293
1,91,12.0,-4.412732124328613,48.42428970336914
1,92,33.0,2.1953444480895996,106.62969207763672
1,93,17.0,-3.992208242416382,44.24222946166992
1,94,20.0,-2.095705270767212,43.59739685058594
1,95,18.0,-2.220521926879883,40.79417037963867
1,96,53.0,8.767937660217285,423.33160400390625
1,97,18.0,-2.6533408164978027,41.71403884887695
1,98,42.0,5.25269889831543,219.40478515625
1,99,33.0,2.8767223358154297,101.65966796875
1,100,48.0,7.544534206390381,314.14910888671875
1,101,18.0,-2.304508686065674,37.417930603027344
1,102,11.0,-4.181830406188965,53.75665283203125
1,103,17.0,-3.149260997772217,42.08602523803711
1,104,24.0,-0.3859081566333771,47.565792083740234
1,105,58.0,10.359878540039062,547.5648803710938
1,106,20.0,-0.8632243871688843,33.08222198486328
1,107,70.0,14.126333236694336,919.637451171875
1,108,25.0,0.34715163707733154,46.49004364013672
1,109,13.0,-4.390371799468994,46.99773406982422
1,110,38.0,4.397499084472656,159.86688232421875
1,111,30.0,2.1388275623321533,81.15885162353516
1,112,27.0,0.48726552724838257,64.3392562866211
1,113,55.0,8.654947280883789,467.5196228027344
1,114,65.0,12.412903785705566,743.9075317382812
1,115,25.0,-1.1992599964141846,57.2630729675293
1,116,40.0,3.854304075241089,170.0581817626953
1,117,40.0,3.652344226837158,166.931396484375
1,118,30.0,0.42333507537841797,82.66417694091797
1,119,49.0,6.433757781982422,296.4301452636719
1,120,29.0,-0.06299034506082535,70.68436431884766
1,121,33.0,0.1619984209537506,92.8425521850586
1,122,55.0,6.09631872177124,370.4965515136719
1,123,27.0,-1.9520176649093628,69.66291809082031
1,124,26.0,-2.6039626598358154,62.682701110839844
1,125,33.0,0.1531689316034317,103.62186431884766
1,126,72.0,11.859321594238281,775.3050537109375
1,127,80.0,13.749528884887695,1032.717529296875
1,128,30.0,-2.2339415550231934,84.77999877929688
1,129,54.0,6.677385330200195,304.78338623046875
1,130,47.0,3.0298075675964355,210.0128173828125
1,131,29.0,-2.659397602081299,95.45397186279297
1,132,31.0,-2.854879856109619,107.01982879638672
1,133,29.0,-3.33892560005188,91.5224609375
1,134,50.0,2.5596423149108887,246.36134338378906
1,135,54.0,4.085479259490967,292.5564880371094
1,136,38.0,-0.7256435751914978,117.20120239257812
1,137,26.0,-4.152602672576904,103.10079193115234
1,138,34.0,-1.6056960821151733,86.14543914794922
1,139,53.0,5.665456771850586,280.46258544921875
1,140,41.0,1.5381393432617188,124.21377563476562
1,141,43.0,0.9108151197433472,169.092529296875
1,142,45.0,1.398694634437561,188.29180908203125
1,143,31.0,-2.8795549869537354,122.87352752685547
1,144,22.0,-7.625094890594482,127.39494323730469
1,145,29.0,-4.330108165740967,104.8114013671875
1,146,62.0,6.792320251464844,418.5675964355469
1,147,67.0,7.722626209259033,545.3397827148438
1,148,45.0,0.7294811010360718,179.2623291015625
1,149,41.0,1.6051087379455566,121.45960998535156
1,150,39.0,1.0849575996398926,94.36357879638672
1,151,27.0,-4.585352897644043,108.2264633178711
1,152,51.0,3.841313600540161,193.95440673828125
1,153,40.0,-2.580230474472046,156.30520629882812
1,154,28.0,-2.5763144493103027,69.10108947753906
1,155,76.0,11.140981674194336,727.7572631835938
1,156,50.0,3.9352610111236572,189.10250854492188
1,157,37.0,-0.5981212854385376,75.12338256835938
1,158,30.0,-4.00989294052124,138.0930938720703
1,159,31.0,-2.588052272796631,74.63043212890625
1,160,71.0,7.813705921173096,594.0859375
1,161,51.0,4.487170219421387,187.5537567138672
1,162,45.0,1.0856168270111084,128.40640258789062
1,163,57.0,8.476560592651367,312.6041259765625
1,164,26.0,-6.3405256271362305,131.39804077148438
1,165,46.0,-0.07460937649011612,180.2169952392578
1,166,43.0,0.6999834775924683,101.89118957519531
1,167,44.0,0.2128162384033203,115.04061889648438
1,168,50.0,2.021296977996826,176.7716522216797
1,169,43.0,0.22186599671840668,82.46406555175781
1,170,99.0,14.949259757995605,1353.693359375
1,171,61.0,6.259653568267822,285.88189697265625
1,172,42.0,0.3458106219768524,69.6357192993164
1,173,34.0,-3.5440709590911865,59.468589782714844
1,174,35.0,-3.5531508922576904,89.04106140136719
1,175,69.0,7.619922637939453,425.680419921875
1,176,135.0,24.836719512939453,3141.226318359375
1,177,68.0,2.734536647796631,427.93902587890625
1,178,55.0,2.79880952835083,200.75595092773438
1,179,55.0,-2.430955410003662,319.2956848144531
1,180,50.0,-4.990633487701416,340.3001403808594
1,181,33.0,-2.0144550800323486,45.55132293701172
1,182,64.0,8.805384635925293,331.75213623046875
1,183,68.0,8.218639373779297,373.9989013671875
1,184,67.0,0.22848202288150787,425.3110656738281
1,185,51.0,-4.430816173553467,339.6168518066406
1,186,80.0,3.485208034515381,639.3252563476562
1,187,36.0,-9.657315254211426,370.1175231933594
1,188,37.0,-10.395330429077148,444.72967529296875
1,189,66.0,-1.9762119054794312,407.0953369140625
1,190,37.0,-4.344736576080322,66.9356689453125
1,191,37.0,-10.697522163391113,403.0890808105469
1,192,77.0,8.147225379943848,463.42962646484375
1,193,49.0,3.3603458404541016,110.08699035644531
1,194,73.0,0.60672527551651,532.7247924804688
1,195,95.0,8.730838775634766,1141.6552734375
1,196,39.0,-8.230308532714844,353.89208984375
1,197,69.0,10.005820274353027,451.8754577636719
1,198,113.0,20.9610595703125,1840.505615234375
1,199,93.0,12.550414085388184,833.2194213867188
1,200,51.0,-8.356489181518555,379.49041748046875
1,201,46.0,-7.883413314819336,391.6899719238281
1,202,108.0,9.945737838745117,1405.97021484375
1,203,110.0,16.0628719329834,1320.80078125
1,204,35.0,-2.3858745098114014,33.627052307128906
1,205,104.0,14.735312461853027,1044.890380859375
1,206,135.0,25.839284896850586,2957.58447265625
1,207,78.0,10.779488563537598,491.3161926269531
1,208,25.0,-15.664607048034668,472.3051452636719
1,209,41.0,-1.2494370937347412,38.7568244934082
1,210,55.0,1.13865327835083,97.18403625488281
1,211,41.0,-12.473849296569824,577.7862548828125
1,212,58.0,-7.663273334503174,517.79296875
1,213,71.0,7.939467906951904,338.5126037597656
1,214,104.0,18.415475845336914,1501.9320068359375
1,215,64.0,6.938084125518799,253.79258728027344
1,216,140.0,25.54693603515625,2997.9326171875
1,217,23.0,-13.816593170166016,320.7727966308594
1,218,176.0,36.16840744018555,5734.3583984375
1,219,139.0,26.26280975341797,2957.8798828125
1,220,43.0,-3.460249900817871,51.223716735839844
1,221,65.0,-8.955913543701172,582.8598022460938
1,222,54.0,-12.4994535446167,719.0677490234375
1,223,97.0,0.5824984312057495,921.9544067382812
1,224,42.0,-15.118481636047363,497.48638916015625
1,225,155.0,28.123620986938477,4088.67138671875
1,226,50.0,-15.134960174560547,738.0602416992188
1,227,202.0,46.87009048461914,8770.5712890625
1,228,113.0,17.94862174987793,1513.1488037109375
1,229,63.0,-9.494330406188965,681.8220825195312
1,230,265.0,49.14177703857422,13533.166015625
1,231,137.0,29.118385314941406,3325.47705078125
1,232,77.0,-5.231277942657471,642.4935913085938
1,233,270.0,62.23426818847656,16226.6640625
1,234,160.0,24.645832061767578,3725.129150390625
1,235,192.0,35.580020904541016,7139.7939453125
1,236,59.0,-14.338441848754883,784.9962158203125
1,237,335.0,79.87810516357422,26407.783203125
1,238,241.0,53.84585189819336,12787.529296875
1,239,154.0,23.767623901367188,3166.391357421875
1,240,268.0,58.783058166503906,14724.193359375
1,241,83.0,-7.4503278732299805,819.108154296875
1,242,172.0,27.855995178222656,4065.501708984375
1,243,250.0,49.3972282409668,11651.20703125
1,244,137.0,19.075542449951172,2414.399658203125
1,245,109.0,12.001112937927246,1167.8740234375
1,246,265.0,53.372989654541016,12987.0830078125
1,247,296.0,60.31572723388672,15894.5673828125
1,248,158.0,19.130542755126953,2836.013916015625
1,249,26.0,-28.721956253051758,1814.8736572265625
1,250,199.0,27.35200309753418,4894.13134765625
1,251,260.0,44.80758285522461,10595.58203125
1,252,180.0,13.284209251403809,3526.703125
1,253,134.0,2.7241644859313965,1531.2249755859375
1,254,205.0,21.301647186279297,4913.85986328125
1,255,168.0,12.043744087219238,2855.274169921875
1,256,252.0,33.43928146362305,8370.6650390625
1,257,146.0,2.2367305755615234,1922.9632568359375
1,258,251.0,29.0417423248291,8220.19921875
1,259,232.0,18.919782638549805,6034.45458984375
1,260,194.0,3.992854356765747,3502.486328125
1,261,222.0,14.210515022277832,4855.46533203125
1,262,235.0,17.20892906188965,5571.2373046875
1,263,150.0,-10.368511199951172,2235.0146484375
1,264,353.0,46.155548095703125,17413.61328125
1,265,172.0,-9.498456954956055,3592.82958984375
1,266,201.0,-1.295030117034912,3645.1015625
1,267,197.0,-0.9855978488922119,3566.04443359375
1,268,221.0,4.686122894287109,4483.4677734375
1,269,191.0,-3.8526313304901123,3635.034423828125
1,270,147.0,-18.984418869018555,3320.84716796875
1,271,196.0,-2.732733726501465,3542.419921875
1,272,158.0,-12.52991008758545,2148.9775390625
1,273,175.0,-5.390158176422119,2500.568359375
1,274,249.0,13.308040618896484,5128.03515625
1,275,107.0,-28.23436737060547,2817.68310546875
1,276,208.0,6.34251070022583,2813.209716796875
1,277,220.0,9.282355308532715,3242.75634765625
1,278,142.0,-8.59433650970459,1174.160888671875
1,279,151.0,-8.478795051574707,1340.49267578125
1,280,159.0,-2.0149617195129395,1087.24658203125
1,281,167.0,4.112428665161133,1210.0914306640625
1,282,197.0,13.336979866027832,2427.2705078125
1,283,172.0,5.4207587242126465,995.7736206054688
1,284,168.0,5.34462308883667,945.729248046875
1,285,231.0,21.32604217529297,3439.881591796875
1,286,127.0,-33.36423110961914,4377.22998046875
1,287,267.0,29.589679718017578,5913.78125
1,288,196.0,20.467857360839844,2736.696533203125
1,289,183.0,12.193202018737793,1705.7977294921875
1,290,235.0,26.57059669494629,4166.91552734375
1,291,217.0,21.58307647705078,3348.832275390625
1,292,177.0,-27.615476608276367,5193.61474609375
1,293,189.0,14.474132537841797,1679.65771484375
1,294,224.0,-8.04554271697998,4072.880615234375
1,295,255.0,23.497039794921875,4052.02587890625
1,296,243.0,22.756057739257812,3746.9169921875
1,297,123.0,-17.427453994750977,1070.23779296875
1,298,131.0,-45.2681999206543,7523.86328125
1,299,289.0,16.047151565551758,8124.3271484375
1,300,410.0,64.15411376953125,21055.064453125
1,301,273.0,27.48756217956543,4910.24267578125
1,302,364.0,48.95733642578125,13485.0361328125
1,303,220.0,11.83329963684082,2038.9559326171875
1,304,301.0,24.23920249938965,6535.291015625
1,305,438.0,65.7955093383789,24637.279296875
1,306,107.0,-66.32710266113281,12982.955078125
1,307,174.0,-46.58664321899414,9134.1904296875
1,308,220.0,-36.887203216552734,8986.2255859375
1,309,204.0,-19.85734748840332,5180.681640625
1,310,137.0,-66.83148193359375,14487.91796875
1,311,48.0,-95.90647888183594,19326.291015625
1,312,487.0,73.79534912109375,31756.7109375
1,313,299.0,-4.678569793701172,7603.158203125
1,314,383.0,44.1473388671875,14598.4814453125
1,315,470.0,69.39781188964844,28799.267578125
1,316,343.0,32.05601119995117,10136.4228515625
1,317,385.0,42.47357940673828,14541.3173828125
1,318,174.0,-24.629365921020508,3719.4765625
1,319,159.0,-33.36712646484375,6262.6181640625
1,320,155.0,-58.66352844238281,11696.5712890625
1,321,326.0,31.275651931762695,9190.0830078125
1,322,155.0,-61.93437957763672,13016.3310546875
1,323,385.0,42.38888931274414,14347.478515625
1,324,382.0,47.82258987426758,15854.7529296875
1,325,306.0,25.526287078857422,7244.11181640625
1,326,478.0,68.19444274902344,29103.00390625
1,327,456.0,61.71122360229492,24940.625
1,328,45.0,-98.42053985595703,22092.845703125
1,329,390.0,39.93128204345703,13350.1376953125
1,330,143.0,-45.47187805175781,7018.84423828125
1,331,487.0,65.29277038574219,28499.1328125
1,332,294.0,11.28071117401123,5057.43994140625
1,333,270.0,-7.867650032043457,4991.82275390625
1,334,371.0,27.07696533203125,10554.9677734375
1,335,397.0,37.91136169433594,13299.529296875
1,336,500.0,59.42572784423828,29612.017578125
1,337,500.0,46.93859100341797,23813.310546875
1,338,99.0,-85.67361450195312,21607.3125
1,339,500.0,54.065677642822266,27031.68359375
1,340,500.0,50.9747200012207,26504.20703125
1,341,500.0,49.72810745239258,24746.404296875
1,342,500.0,27.355480194091797,23729.982421875
1,343,500.0,27.11014747619629,25644.982421875
1,344,500.0,39.81575393676758,23298.611328125
1,345,441.0,2.6965887546539307,18018.5625
1,346,500.0,20.556297302246094,24393.98828125
1,347,500.0,27.76404571533203,22740.615234375
1,348,261.0,-48.041282653808594,13011.83984375
1,349,268.0,-60.07535934448242,16628.46484375
1,350,500.0,26.518592834472656,20941.46484375
1,351,476.0,5.78290319442749,18525.615234375
1,352,500.0,15.789116859436035,22929.017578125
1,353,500.0,14.27111530303955,21945.958984375
1,354,500.0,12.239776611328125,22033.400390625
1,355,500.0,9.505132675170898,19713.591796875
1,356,171.0,-110.04639434814453,34209.6796875
1,357,173.0,-89.2021484375,24879.1015625
1,358,500.0,9.291938781738281,18888.578125
1,359,500.0,-0.37406525015830994,18149.12890625
1,360,500.0,3.2377116680145264,19986.1484375
1,361,500.0,3.3154807090759277,20299.259765625
1,362,500.0,10.287099838256836,18765.666015625
1,363,500.0,-0.5987358093261719,18148.015625
1,364,500.0,4.037083148956299,19414.236328125
1,365,500.0,-3.589235782623291,16861.79296875
1,366,500.0,-4.846296310424805,18451.609375
1,367,500.0,-0.009707439690828323,18587.4921875
1,368,500.0,0.8312391042709351,16858.19921875
1,369,329.0,-51.37468719482422,13506.4111328125
1,370,500.0,5.402059078216553,16649.23046875
1,371,500.0,3.627429962158203,16394.009765625
1,372,500.0,-1.2606757879257202,15764.7724609375
1,373,500.0,10.496929168701172,16679.36328125
1,374,500.0,6.49131965637207,17430.37109375
1,375,500.0,-14.123157501220703,19333.703125
1,376,500.0,-0.22825197875499725,16264.9501953125
1,377,500.0,4.430613994598389,16190.228515625
1,378,500.0,25.380475997924805,15872.240234375
1,379,500.0,16.01780128479004,15250.21484375
1,380,500.0,8.390865325927734,15200.8193359375
1,381,304.0,-63.69843673706055,18780.1328125
1,382,235.0,-74.52938079833984,24505.779296875
1,383,500.0,3.614285945892334,12851.876953125
1,384,500.0,2.9874184131622314,14943.220703125
1,385,500.0,-10.732598304748535,17299.87890625
1,386,500.0,8.188698768615723,13778.48828125
1,387,270.0,-82.26919555664062,24819.736328125
1,388,500.0,-1.4673398733139038,16292.6328125
1,389,500.0,8.618274688720703,18346.333984375
1,390,500.0,-8.739192962646484,17377.94140625
1,391,500.0,-1.8744821548461914,15461.0205078125
1,392,500.0,-0.9353887438774109,15856.1806640625
1,393,301.0,-65.83150482177734,15390.4853515625
1,394,252.0,-93.80699920654297,27711.396484375
1,395,500.0,-1.9088704586029053,20595.912109375
1,396,500.0,-42.43350601196289,29685.927734375
1,397,500.0,-5.173916339874268,13364.5107421875
1,398,500.0,4.541388034820557,15017.1474609375
1,399,497.0,-11.452725410461426,19627.15234375
1,400,500.0,13.784097671508789,16036.1708984375
1,401,500.0,18.053926467895508,14942.3623046875
1,402,247.0,-87.97159576416016,24610.5390625
1,403,354.0,-69.52349090576172,24529.623046875
1,404,500.0,10.080641746520996,14712.3427734375
1,405,91.0,-138.17999267578125,54786.3984375
1,406,218.0,-170.1398162841797,90630.0859375
1,407,500.0,31.44053840637207,14048.7109375
1,408,419.0,13.7539644241333,8708.9609375
1,409,500.0,22.421125411987305,15973.4091796875
1,410,217.0,-119.88042449951172,49302.80859375
1,411,500.0,-33.561058044433594,30163.548828125
1,412,489.0,0.5738011002540588,22139.146484375
1,413,500.0,-21.5820255279541,30993.71875
1,414,287.0,-53.5963134765625,12621.4052734375
1,415,343.0,-63.85923385620117,23493.443359375
1,416,500.0,-39.060489654541016,29823.734375
1,417,309.0,-90.23700714111328,38581.1875
1,418,500.0,-28.93498420715332,26337.86328125
1,419,500.0,4.963846206665039,27528.515625
1,420,328.0,-70.223876953125,28755.826171875
1,421,329.0,-86.49100494384766,36016.23046875
1,422,485.0,-24.054214477539062,34917.6171875
1,423,196.0,-108.12734985351562,40925.640625
1,424,180.0,-114.20097351074219,44611.65234375
1,425,255.0,-64.52132415771484,21812.798828125
1,426,392.0,-38.1147575378418,21460.396484375
1,427,500.0,-2.2458102703094482,25793.525390625
1,428,387.0,-35.55769729614258,23396.56640625
1,429,500.0,44.09194564819336,27174.005859375
1,430,487.0,0.13803760707378387,27691.31640625
1,431,500.0,18.03847885131836,25008.064453125
1,432,340.0,-3.5335123538970947,12439.6181640625
1,433,339.0,-46.4396858215332,19588.05078125
1,434,401.0,-24.503427505493164,19103.02734375
1,435,436.0,-12.118546485900879,20655.91015625
1,436,500.0,41.08572769165039,30115.974609375
1,437,500.0,63.741580963134766,28952.884765625
1,438,500.0,26.721054077148438,29858.337890625
1,439,500.0,30.204307556152344,25031.546875
1,440,500.0,74.90928649902344,34065.80859375
1,441,500.0,71.2072982788086,29944.15625
1,442,500.0,34.88833999633789,24376.9453125
1,443,500.0,19.51738929748535,25473.91796875
1,444,500.0,22.330350875854492,27190.1484375
1,445,500.0,54.7821159362793,26517.67578125
1,446,500.0,35.320648193359375,25990.3671875
1,447,286.0,-54.70087814331055,18508.23046875
1,448,500.0,35.97322463989258,20828.134765625
1,449,500.0,28.97411346435547,22288.291015625
1,450,110.0,-112.94284057617188,33826.85546875
1,451,500.0,33.48989486694336,26841.02734375
1,452,500.0,16.937862396240234,25589.619140625
1,453,500.0,36.46689224243164,21298.853515625
1,454,500.0,29.42840003967285,21627.044921875
1,455,149.0,-108.11163330078125,34664.15234375
1,456,500.0,43.40559768676758,25090.259765625
1,457,500.0,30.519742965698242,28132.0859375
1,458,500.0,17.602842330932617,22373.82421875
1,459,500.0,4.037150859832764,26977.009765625
1,460,500.0,-1.8379786014556885,26624.08984375
1,461,500.0,24.401681900024414,22272.990234375
1,462,500.0,4.505276679992676,23610.515625
1,463,500.0,22.039169311523438,22454.8984375
1,464,500.0,5.824700355529785,19350.947265625
1,465,500.0,1.004113793373108,18022.966796875
1,466,500.0,2.5900216102600098,22285.908203125
1,467,500.0,1.0160292387008667,21633.189453125
1,468,500.0,-5.765628337860107,22745.125
1,469,500.0,-12.940637588500977,24171.025390625
1,470,500.0,-0.2149328738451004,21002.900390625
1,471,500.0,-2.074727773666382,17942.365234375
1,472,471.0,-6.090771675109863,18571.9375
1,473,500.0,5.577764511108398,18853.498046875
1,474,500.0,-12.061814308166504,20447.7734375
1,475,500.0,0.20164848864078522,18401.677734375
1,476,443.0,-11.495251655578613,13086.9619140625
1,477,500.0,8.742594718933105,17559.09375
1,478,500.0,-2.338712215423584,18616.26171875
1,479,303.0,-71.7725830078125,25354.6953125
1,480,472.0,6.507356643676758,16656.640625
1,481,500.0,-1.2536590099334717,17474.212890625
1,482,500.0,5.479866981506348,16417.16796875
1,483,500.0,11.518688201904297,18631.048828125
1,484,500.0,6.2463483810424805,17568.68359375
1,485,500.0,4.236053943634033,18724.0546875
1,486,500.0,7.227601528167725,15814.9716796875
1,487,500.0,7.731239318847656,18790.73828125
1,488,500.0,5.141626834869385,20060.26171875
1,489,500.0,15.567655563354492,15369.9267578125
1,490,500.0,4.602297782897949,16614.580078125
1,491,500.0,14.356528282165527,17144.373046875
1,492,500.0,9.203509330749512,14570.447265625
1,493,500.0,4.639441967010498,13000.224609375
1,494,500.0,9.257120132446289,14315.8798828125
1,495,424.0,-9.24689769744873,8545.0029296875
1,496,480.0,3.9762144088745117,10940.8505859375
1,497,428.0,-6.10770320892334,9605.5712890625
1,498,453.0,-10.84004020690918,7856.92626953125
1,499,426.0,-13.32316780090332,6982.3544921875
1,500,500.0,9.314045906066895,13170.2060546875
2,501,500.0,6.495675086975098,10520.634765625
2,502,424.0,-11.521623611450195,7646.27001953125
2,503,500.0,-0.3964509963989258,11977.5537109375
2,504,500.0,1.2960773706436157,11764.57421875
2,505,500.0,-2.8116726875305176,11496.359375
2,506,500.0,-22.661865234375,12768.7978515625
2,507,500.0,-7.028721332550049,14796.5517578125
2,508,500.0,7.867257118225098,14751.0478515625
2,509,500.0,-17.035802841186523,13409.345703125
2,510,500.0,-15.196918487548828,18404.60546875
2,511,500.0,-19.25742530822754,12469.9296875
2,512,500.0,-14.534687042236328,15513.1982421875
2,513,500.0,-19.34078598022461,21257.80078125
2,514,195.0,-152.4137420654297,72307.921875
2,515,482.0,-21.006498336791992,15323.4814453125
2,516,500.0,-19.545202255249023,13374.0458984375
2,517,500.0,-14.77949333190918,18403.5234375
2,518,500.0,-5.506018161773682,11731.59765625
2,519,500.0,3.3457908630371094,19754.16796875
2,520,500.0,-14.101490020751953,16137.271484375
2,521,500.0,-11.220958709716797,10392.556640625
2,522,500.0,-1.8633564710617065,16891.22265625
2,523,500.0,-20.159801483154297,31115.400390625
2,524,500.0,4.507546901702881,20245.521484375
2,525,500.0,-30.400012969970703,26815.423828125
2,526,500.0,2.450042963027954,16003.603515625
2,527,500.0,-5.479151725769043,24906.53515625
2,528,500.0,20.14688491821289,22851.529296875
2,529,500.0,-2.758287191390991,20971.392578125
2,530,500.0,-10.732906341552734,28740.578125
2,531,500.0,8.915802955627441,25770.1015625
2,532,500.0,-14.049103736877441,31942.79296875
2,533,500.0,-3.2371976375579834,19369.51953125
2,534,500.0,-14.636568069458008,28307.12890625
2,535,500.0,4.661339282989502,25142.638671875
2,536,500.0,8.295607566833496,19899.470703125
2,537,500.0,-25.5463924407959,22632.466796875
2,538,412.0,-37.873226165771484,24222.033203125
2,539,500.0,-17.086673736572266,25697.419921875
2,540,500.0,6.92820930480957,25039.06640625
2,541,500.0,3.115093231201172,23327.220703125
2,542,137.0,-132.99346923828125,54950.73828125
2,543,368.0,-51.84754180908203,23328.994140625
2,544,500.0,-6.415381908416748,26447.537109375
2,545,500.0,15.927286148071289,31369.68359375
2,546,500.0,-10.927423477172852,24811.626953125
2,547,500.0,8.470416069030762,22752.111328125
2,548,500.0,43.05133819580078,31333.998046875
2,549,500.0,9.330188751220703,20882.849609375
2,550,500.0,15.925081253051758,20990.8203125
2,551,500.0,24.93557357788086,20587.59375
2,552,500.0,12.883268356323242,20953.91015625
2,553,500.0,-3.3311824798583984,28004.9921875
2,554,500.0,21.057140350341797,24719.044921875
2,555,500.0,2.5284416675567627,23797.59375
2,556,107.0,-142.2042236328125,57220.8203125
2,557,500.0,21.175334930419922,21025.13671875
2,558,500.0,-5.305473327636719,23532.046875
2,559,500.0,0.707210123538971,22084.19140625
2,560,500.0,14.425126075744629,25261.86328125
2,561,490.0,-15.230226516723633,28822.384765625
2,562,500.0,-19.01300048828125,29224.419921875
2,563,500.0,4.575389862060547,22148.5390625
2,564,500.0,-4.294368743896484,25504.783203125
2,565,127.0,-126.49534606933594,43624.0
2,566,333.0,-61.53202438354492,24554.322265625
2,567,368.0,-47.919151306152344,22366.248046875
2,568,500.0,2.4833192825317383,25101.697265625
2,569,238.0,-81.21009063720703,27500.322265625
2,570,163.0,-112.0474624633789,38384.33984375
2,571,211.0,-91.3050765991211,30176.255859375
2,572,500.0,1.491184115409851,24126.271484375
2,573,318.0,-60.014305114746094,20222.859375
2,574,500.0,17.88347053527832,25507.17578125
2,575,479.0,-3.461268186569214,22063.078125
2,576,356.0,-35.87050247192383,15928.4228515625
2,577,494.0,-6.785924434661865,25852.75390625
2,578,443.0,-4.451221466064453,19704.310546875
2,579,500.0,18.974552154541016,23626.998046875
2,580,500.0,16.932363510131836,24419.083984375
2,581,500.0,19.404008865356445,24639.58203125
2,582,500.0,22.018430709838867,23618.244140625
2,583,500.0,21.394311904907227,25326.556640625
2,584,500.0,15.823375701904297,23758.45703125
2,585,500.0,17.38129425048828,25065.900390625
2,586,500.0,21.793514251708984,25192.93359375
2,587,500.0,20.184425354003906,22366.83984375
2,588,500.0,16.541112899780273,22622.8515625
2,589,500.0,10.127901077270508,22806.076171875
2,590,500.0,2.6127774715423584,24230.529296875
2,591,500.0,7.1852498054504395,22670.55859375
2,592,500.0,12.258464813232422,21654.705078125
2,593,500.0,3.4756298065185547,22267.8671875
2,594,500.0,16.038043975830078,21844.7265625
2,595,500.0,-8.827609062194824,22851.666015625
2,596,500.0,-4.463873386383057,24366.630859375
2,597,436.0,-23.74877166748047,20138.08984375
2,598,500.0,-10.537708282470703,22160.716796875
2,599,500.0,-2.562335968017578,22967.849609375
2,600,500.0,-11.875829696655273,23068.625
2,601,500.0,-11.192317962646484,24491.703125
2,602,500.0,-6.189337730407715,22287.712890625
2,603,500.0,-3.2649407386779785,22580.173828125
2,604,487.0,-16.80988311767578,23708.880859375
2,605,500.0,-0.17171727120876312,22102.08203125
2,606,500.0,5.197376728057861,21881.61328125
2,607,500.0,4.023410320281982,21508.181640625
2,608,500.0,2.3483965396881104,21186.1953125
2,609,500.0,5.549183368682861,22175.994140625
2,610,500.0,0.08789177983999252,22049.220703125
2,611,327.0,-51.62252426147461,15964.4453125
2,612,500.0,4.713415145874023,21375.419921875
2,613,500.0,3.4409425258636475,21369.623046875
2,614,500.0,2.811591863632202,20868.962890625
2,615,500.0,0.5916364192962646,21027.365234375
2,616,500.0,1.4995557069778442,21044.458984375
2,617,500.0,-0.7396814823150635,21068.9296875
2,618,500.0,-1.7208715677261353,20890.830078125
2,619,500.0,-1.3924726247787476,20718.99609375
2,620,500.0,-4.633544921875,20612.361328125
2,621,500.0,-4.537844181060791,20787.296875
2,622,500.0,-2.8031938076019287,20883.8515625
2,623,500.0,-3.675154685974121,21130.5859375
2,624,500.0,2.299982786178589,21210.421875
2,625,500.0,1.8303546905517578,21326.24609375
2,626,500.0,-1.7170815467834473,20916.99609375
2,627,500.0,0.15908272564411163,21268.91015625
2,628,500.0,-1.4461032152175903,21642.76171875
2,629,500.0,3.371136426925659,21156.13671875
2,630,500.0,3.867191791534424,21535.185546875
2,631,500.0,4.5145063400268555,21896.310546875
2,632,500.0,-0.6582945585250854,21079.853515625
2,633,500.0,4.419793128967285,21337.646484375
2,634,500.0,3.149536371231079,21684.265625
2,635,500.0,2.0728604793548584,21642.767578125
2,636,500.0,0.8025593757629395,21434.21484375
2,637,500.0,1.832755208015442,21527.283203125
2,638,500.0,1.1490126848220825,21064.96875
2,639,500.0,1.1923243999481201,21059.189453125
2,640,500.0,0.8155295252799988,21227.958984375
2,641,500.0,-1.0303279161453247,20935.19921875
2,642,500.0,1.601228952407837,20988.77734375
2,643,500.0,-0.07246947288513184,20909.576171875
2,644,500.0,1.6693958044052124,20885.8671875
2,645,500.0,0.37938323616981506,20601.7734375
2,646,500.0,2.3455793857574463,20725.771484375
2,647,500.0,3.8722240924835205,21126.21875
2,648,500.0,4.364687442779541,20368.212890625
2,649,500.0,0.8694440722465515,20520.216796875
2,650,500.0,4.638612747192383,20420.8984375
2,651,500.0,0.4348266124725342,19918.8203125
2,652,500.0,-2.6203055381774902,20177.556640625
2,653,500.0,-3.365593671798706,20050.05078125
2,654,500.0,1.3218016624450684,20550.724609375
2,655,500.0,-0.16611213982105255,21189.533203125
2,656,500.0,3.2092947959899902,20569.76953125
2,657,500.0,-6.776072025299072,20771.3515625
2,658,500.0,-0.16749633848667145,20518.556640625
2,659,500.0,-2.4837777614593506,21260.552734375
2,660,500.0,-2.4267375469207764,21101.208984375
2,661,72.0,-142.28524780273438,41777.6640625
2,662,500.0,2.3012008666992188,18759.94921875
2,663,500.0,0.362865686416626,21498.25390625
2,664,500.0,7.757634162902832,20379.12109375
2,665,500.0,5.2467570304870605,20159.357421875
2,666,500.0,-0.04956156760454178,20730.21875
2,667,500.0,4.980225086212158,19449.71484375
2,668,500.0,5.534117698669434,19318.919921875
2,669,500.0,3.965847969055176,20753.20703125
2,670,500.0,2.3014326095581055,19320.84375
2,671,500.0,-2.993145227432251,19401.859375
2,672,500.0,-0.8827983140945435,18122.595703125
2,673,500.0,-1.0509583950042725,19967.818359375
2,674,500.0,-1.81513512134552,18179.931640625
2,675,500.0,-1.0783343315124512,20573.3359375
2,676,500.0,3.0548057556152344,21270.703125
2,677,500.0,7.105531215667725,20738.591796875
2,678,500.0,0.8951296806335449,19306.064453125
2,679,500.0,-0.09720408916473389,18662.78515625
2,680,500.0,0.8718220591545105,20215.607421875
2,681,500.0,5.191845417022705,18868.40234375
2,682,500.0,6.1783599853515625,19741.85546875
2,683,500.0,3.839362621307373,16784.59765625
2,684,500.0,1.0020978450775146,18452.509765625
2,685,500.0,-2.866072654724121,15308.19140625
2,686,441.0,-5.513686180114746,13481.4697265625
2,687,500.0,2.320352554321289,14959.77734375
2,688,450.0,-8.600831985473633,12597.4248046875
2,689,488.0,-1.7363423109054565,11742.845703125
2,690,325.0,-39.69295120239258,10060.583984375
2,691,408.0,-13.442801475524902,9407.1953125
2,692,351.0,-27.954425811767578,8786.6533203125
2,693,354.0,-20.878376007080078,7606.0048828125
2,694,442.0,0.6178690791130066,10877.90625
2,695,407.0,-4.9369797706604,8885.1923828125
2,696,472.0,13.73462200164795,10708.9814453125
2,697,391.0,-1.733997106552124,6875.22216796875
2,698,393.0,-10.282023429870605,6049.1845703125
2,699,346.0,-9.33005142211914,5465.0263671875
2,700,444.0,21.55760955810547,12025.8984375
